24 HR KENSINGTON PHARMACY,1 KENNY RD KENSINGTON
3RD AVENUE PHARMACY,49 LOBENGULA STREET & 3RD AVENUE
7 ELEVEN PHARMACY,NO. 45 ROBERT MUGABE WAY
ABUNDANT LIFE PHARMACY,86 R. MUGABE ROAD
ACCULIFE PHARMACY,19247 SUNNINGDALE 2 SHOP 3
AD-CARE,"SHOP 3, HAYLET HSE"
AEON PHARMACY,SHOP 2 BAZAAR SHOPPING CENTRE
AEROD PHARMACY,NO 7885 AERODROME
AFROPHARM HEALTH PHARMACY,12248 SIFRA COMPLEX KUWADZANA EXT
AFROW PHARMACY,10217 WESTERN TRIANGLE HIGHFIELDS
ALIVIO PHARMACY,"STAND 283/284, 92 NORFOLF ROAD"
ALLDAYS PHARMACY,NO. 14099  JM NKOMO/10TH AVE
AMBIKA PHARMACY,33 ROBSON  MANYIKA AVENUE
ANGEL PHARMACY,STAND 96/7 MAIN STREET
APEX 24 PHARMACY,14663 DAMOFALLS PARK
APEX PHARMACY,SHOP 3 ELIZABETH MANSIONS 65 6TH ST
APPLE PHARMACY,SHOP G02 71 FIFE STREET
ARCADE PHARMACY,"SHOP 4, MUTUAL CENTRE"
ARDBENNIE PHARMACY,1 BOSHOFF DRIVE ARDBENNIE
ARIMED PHARMACY,"20 NDONGWE RD, MAZVITA MALL"
ARUNDEL VILLAGE PHARMACY,SHOP 13&14 ARUNDEL S/CENTRE
ASCOT PHARMACY,SHOP 10  ASCOT SHOPPING CENTRE
ASHBRITTLE PHARMACY,"44 GOLDEN STAIRS RD,EMERALD HILL"
ASHER PHARMACY,STAND 5551 BUDIRIRO 4 SHOPS
ATLAS PHARM PHARMACY,1 1ST AVENUE MARLBEREIGN
AVENUES PHARMACY,CNR MAZOWE ST/BAINES AVENUE
AVMED HEALTH PHARMACY,"1085, 7TH STREET"
B.H.T. CHEMIST PHARMACY,NO 1 VILLAGE
B.R. PHARMACY,SHOP 2 ASHOKA BLD BTWN 5TH & 6TH ST
BAINES AVENUE RETAIL PHARMACY,66 BAINES AVENUE
BAINES PHARMACY,20 MIMOSA FLATS 19 BAINES AVENUE
BALLANTYNE PARK PHARMACY,"BALLANTYNE PARK S/C, WELLBURN AVE"
BALM PHARMACY,STAND 3631 MASOCHA NDLOVU  WAY
BALSAM PHARMACY,SHOP A 3207 JONGWE ST CHIWORORO BUS/CENTRE
BANKET MEDICAL PHARMACY,59 LOMAGUNDI ROAD
BARBOURFIELDS PHARMACY,
BARRY NELL PHARMACY,264A J. TONGOGARA AVENUE
BEITBRIDGE MEDICAL CENTRE PHARMACY,97 PARK LANE BEITBRIDGE TOWN
BELLEVUE PHARMACY,"105 GLADSTONE RD, BELLEVUE S/CENTRE"
BELVEDERE PHARMACY,"STD NO. 14575, OLD YEARS PATCHWAY"
BERTINO PHARMACY,STD NO 57-58 CENTRAL AVENUE
BESTZONE PHARMACY,141 MBUYA NEHANDA STREET
BETHEL PHARMACY,88 & 89 CHINZANGA
BIRCHENOUGH BRIDGE PHARMACY,191 BIRCHENOUGH BRIDGE
BLESSED PHARMACY,"SHOP 4, 591 HENRY HARTLEY STREET"
BOARDER PHARMACY,STAND 4722C DULIBADZIMU T/SHIP
BON MARCHE BORROWDALE PHARMACY,"INSIDE BON MARCHE BORROWDALE  STD 585 SAM LEVY VILLAGE, BORROWDALE"
BOOTIES PHARMACY,SHOP MK27 WESTGATE SHOPPING CENTRE
BRADFORD PHARMACY,STAND 4859 104 R. MUGABE RD SILKE HSE
BREENYMART PHARMACY,1715 WADZANAYI SHOPPING CENTRE
BRIGHT PHARMACY,STD 13443 SHOP 3 KELVIN CORNER
BRUCE PHARMACY,STD NO. 185
BUDIRIRO PHARMACY,"SHOP 1 9195 BUDIRIRO 5, BUDIRIRO"
BULAWAYO CENTRE PHARMACY,"SHOP 56, BULAWAYO CENTRE 94 MAIN ST"
C M PHARMACY,5 KINGSMEAD HSE 11 KWAME KRUMAN AVE
C.G. PHARMACY,B16-17 1A MERSEY BLD
CAMERON PHARMACY,SHOP 10 ZIMRE CENTRE
CANDISH PHARMACY,90 FRED JAMESON STREET
CAPITAL PHARMACY,219 CHIRODZERO BUSS CENTRE
CARDINAL HEALTHCARE PHARMACY,STD 1746 RUNYARARO SHOPS
CAREFORALL PHARMACY,STAND NO. 7869
CAREMARK PHARMACY,STAND 60 NGUNDU B/CENTRE
CAREMART PHARMACY,SHOP 2 KAMFINSA ARDACE ARCTURUS RD
CAREMAX PHARMACY,SHOP 14 CHITUNGWIZA TOWN CENTRE
CAREPOINT PHARMACY,STD 487A CNR CHINHOYI ST & R. MUGABE ST
CAREWELL PHARMACY,"1537, 146 MBUYA NEHANDA STREET"
CENTRAL PHARMACY,69A HERBERT CHITEPO
CENTRAL RESEARCH PHARMACY,10 ROUTLEDGE STREET MILTON PARK
CHANNEL PHARMACY,400 R. MUGABE WAY
CHARGE OFFICE PHARMACY,3 SOUTH AVE OLD CUSTOMS BLD
CHARTERBRIDGE PHARMACY,SHOP 6 STD 5048 37-39 R. MUGABE MTALI T/SHIP
CHECHECHE ANGEL PHARMACY,STAND 354 CHECHECHE
CHEMAYDE PHARMACY,"15 WINDEMERE LODGE, MAZOWE STREET"
CHIKONOHONO COMMUNITY PHARMACY,SHOP 2 PFUNGWADZAKANAKA SHOP CHIKONOHONO
CHINHOYI RANK PHARMACY,STAND 15 SHOP 3 CHINHOYI TOWNSHIP
CHINHOYI STREET PHARMACY,151 CHINHOYI STREET
CHINHOYI TOWN PHARMACY,SHOP 2 STD 3 R. MANYIKA AVE
CHIPINGE MEDICAL CENTRE PHARMACY,G2 NSSA COMPLEX
CHIPINGE PHARMACY,2 CABS BUILDING MAIN STREET
CHISI PHARMACY,SHOP 3 SUPREME HSE CHISIPITE S/CENTRE
CHITUNGWIZA PHARMACY,"STAND 223,MAKONI SHOPPING CENTRE"
CHLORIC PHARMACY,SHOP 3 94 CHINHOYI STREET
CIMAS HEALTHCARE PHARMACY,1 - 6TH STREET- GWERU PHARMACY
CITIZENS PHARMACY,9689 GLEN VIEW 3 S/CENTRE
CITY PHARMACY,RAILMED HSE 8TH AVE/J.TONGOGARA STR
CIVIC PHARMACY,"SHOP 6 GREENCROFT S/CENT, 119 LOMAGUNDI RD"
CIVIC WESTGATE PHARMACY,"SHOP MP 7, WESTGATE S/MALL"
CLEANWORLD PHARMACY,9 NYABADZA AVENUE
CLINIMED PHARMACY,"SHOP 2,STD NO.19350 MAKONI S/CENTRE"
CLIQ SONLINE PHARMACY,676 MUPANDAWANA
CLIQUE PHARMACY,18 AERODROME RD
COMPLEX PHARMACY,MATEKETA COMPLEX 28 MASHAYAMOMBE RD
CONCESSION PHARMACY,32 AMANDAS
CONNAUGHT AVENUE PHARMACY,21A CONNAUGHT AVENUE
CONNECT PHARMACY,"K2005, KATANGA SERVICE STATION"
COOLMED PHARMACY,SHOP 2 SMART CORNER R. MUGABE WAY
COPACABANA PHARMACY,"SHOP 2, 144 CHINHOYI STREET"
CORNERSTORE PHARMACY,"7821 PATISHA INVESTMENTS, SOUTHLEA PARK"
CORPORATE 24 PHARMACY,89 PARHAM HSE  J. TONGOGARA 8TH & 9TH AVE
COSMED PHARMACY,"SHOP 2, 5 GEORGE AVENUE"
COUNTRYSIDE PHARMACY,STAND 300 RUSHINGA S/CENTRE
COUNTY BROOK PHARMACY,8673 GLEN NORAH A
COVENANT PHARMACY,"8141 KUWADZANA 2 SHOPS, KUWADZANA"
COWDRAY PARK PHARMACY,22525 COWDRAY PARK
COZYCARE PHARMACY,407 MAKOMO EPWORTH
CROSS COUNTRY PHARMACY,STAND 185
CROSSROADS PHARMACY,13922 MILLENIUM PARK
CURAPLUS PHARMACY,SHOP 5 CABS HSE BOND STR MT PLEASANT
CUREMED PHARMACY,"STD 689,BUDIRIRO 1 S/CENTRE"
CURRENT PHARMACY,5568 BUDIRIRO 5B BUDIRIRO
DAILY HEALTH PHARMACY,88B HERBERT CHITEPO AVENUE
DANGAMVURA PHARMACY,SHOP 20 DANGAMVURA S/CENTRE
DE NOVO PHARMACY,9 SAMORA MACHEL AVENUE
DEES PHARMACY,CNR R. MUGABE RD/ANGWA STREET
DEFACTO PHARMACY,"ESSEX HOUSE, 133 L. TAKAWIRA AVE"
DELYN PHARMACY,SHOP 1 MAIN STREET
DG PHARMACY,SHOP 1 GROUND FLOOR OLD BLD 2ND ST
DG-GLOBAL PHARMACY,53 J. NKOMO ST & 4TH AVENUE
DIAMOND PHARMACY,5 FEDORA HOUSE CNR ANGWA ST/JASON MOYO AVE
DISPHARM PHARMACY,1706A FIFE AVENUE SHOPPING CENTRE
DIS-SMAT PHARMACY,"NO 4 SHONALANGA DRIVE, ROCHDALE"
DIVINE PHARMACY,NO. 1 PARIRENYWATWA HOSPITAL
DOMBORAMWARI PHARMACY,3003 DOMBORAMWARI EPWORTH
DOMBOSHAVA,"78 CHIRODZERO B/CENTRE, DOMBOSHAVA"
DOREEN LEWIS PHARMACY,"SHOP NO 213H, CHECHECHE"
DRUG MART PHARMACY,"STD 238, MAPEREKE COMPLEX"
DULIBADZIMU PHARMACY,STAND 2855 DULIBADZIMU T/SHIP
DZIVARASEKWA PHARMACY,9057 DZIVARASEKWA EXTENSION
E GS PHARMACY,3 ASH HOUSE  LOBENGULA AVENUE
EASTCARE PHARMACY,37B MAIN STREET
EAST-ISLE PHARMACY,STAND 899 TURF
EASTROCK PHARMACY,SHOP 2 OF 54 HEBERT CHITEPO STREET
EBENEZER PHARMACY,SOUTHERTON POST OFFICE LOT 1/3163
EMERALD HILL PHARMACY,"2 HERMES CRT, WEST RD/LOMAGUNDI RD"
EMERGENCY PHARMACY,88 R. MUGABE WAY
EMPIRE PHARMACY,"SHOP 123 LOT 305, KAMFINSA S/CENTRE"
ENSWIN PHARMACY,IGHFIELD SHOP NO 3 JABABVU DR
EPATON PHARMACY,5158 CORNER SHOP EPWORTH
ESIGODINI PHARMACY,SHOP NO. 4 ZUKA COMPLEX
EVOLUTION PHARMACY,"SHOP 1 STAND 10377, KUWADZANA 2"
EXPRESS PHARMACY,"CNR LUVEVE RD/NGCEBETSHA RD, MZILIKAZI"
F C PHARMACY,4487 WESTVIEW AVENUE NEWTOWN
FAITH PHARMACY,"SHOP 5, SAGONDA COMPLEX, K2006 KATANGA"
FAMILY CARE PHARMACY,STAND 1422 CNR PINE AND MAIN STREET
FAMILY HEALTH PHARMACY,STAND 16068 UNIT G SEKE
FAMILY PHARMACY,STAND 257 HOFMEYER ST
FEMASH PHARMACY,3897 NHORO ROAD NHARIRA
FHC PHARMACIES,NICOZ HOUSE 19  FIRST ST/N MANDELA
FIFE AVENUE MEDICAL CENTRE PHARMACY,186 FIFE AVENUE
FIL-MED PHARMACY,2444 MTHWAKAZI BUS. CENTRE
FIRST CARE PHARMACY,23 JASON MOYO AVENUE
FIRST DAY AND NIGHT PHARMACY,"VICTORIA HSE,50 H.CHITEPO ST"
FIRST PHARMACY,STD 228 KUDAKWASHE BUS. COMPLEX
FIRST STREET PHARMACY,TSHOLOTSHO BUS CENTRE
FITZPHARM PHARMACY,19088 DAMAFALLS
FLEVIC PHARMACY,89 K. NKRUMAH AVENUE
FORESTAL MACHIPISA PHARMACY,"STAND 4097,MACHIPISA S/C,HIGHFIELD"
FORTVIM PHARMACY,18 RODEN STREET MAGABA
FOUNTAIN PHARMACY,"STD 16858 HORATIO AVE, BRAESIDE"
FOURTH STREET PHARMACY,104 R. MUGABE RD/ FOURTH STREET
GALAXY PHARMACY,19722 UNIT O SEKE
GENESIS PHARMACY,12637 KUWADZANA PHASE 3
GETWELL PHARMACY,"7098 WESTLEA S/CENTRE, WESTLEA"
GLOBAL PHARMACY,STAND NO 9 SHOP 2 MUKWATI STREET
GLOBAL PHARMACY (KADOMA),STAND NO 960 MACHIPISA SCENTRE
GLORIMED PHARMACY,"2463, KAMBUZUMA SECTION 5"
GOKWE PHARMACY,"STAND 135, GOKWE GROWTH POINT"
GOLDENVIEW PHARMACY,"STD 18886 WENHAM CLOSE, BORROWDALE"
GOOD SHEPHERD CHINHOYI,260 COMMERCIAL STREET
GOOD SHEPHERD PHARMACY,"STAND 3342, TEEBOX COMPLEX"
GOODHOPE PHARMACY,23 JASON MOYO AVENUE
GOROMONZI PHARMACY,84/85 GOROMONZI  BUS. CENTRE
GOSHEN PHARMACY,SHOP 9 STD 12 CHINHOYI T/SHIP
GRACEPLUS PHARMACY,93 FARCHIG BLD GURUVE GROWTH POINT
GRANDPAK PHARMACY,"1 JASON MOYO AVE, KOPJE PLAZA BLD"
GREENCROFT PHARMACY,"SHOP 5, AVONLEA S/CENTRE"
GREENCROSS PHARMACY,34 SAMORA MACHEL BOKA ISLIP HSE
GREENSVIEW PHARMACY,"37 PINE ST,THE GREEN"
GREENWALLS PHARMACY,5570 BUDIRIRO 5B S/CENTRE BUDIRIRO
GREENWOOD PHARMACY,77/79 HERBERT CHITEPO STREET
GREY PHARMACY,"SHOP 6 VAUDEVILLE BLD, 70A H. CHITEPO"
GREYSTONE PARK PHARMACY,"226 CARRICK CREAGH RD, QUINNINGTON"
GUARDIAN PHARMACY,1102 NORTON TOWN CENTRE
GURUVE PHARMACY,STAND 1600 MSIKWI COMPLEX
GUTU CENTRAL PHARMACY,"STAND 282, MUPANDAWANA"
GWERUS ELITE PHARMACY,SHOP 9 MOTHERLAND PLAZA 8TH STREET
HARARE ONCOLOGY PHARMACY,16 JOSIAH TONGOGARA AVENUE
HARARE PHARMACY,132 HEBERT CHITEPO AVENUE
HARVEST MEDICAL PHARMACY,NUMBER 2 OLD MUTUAL HOUSE
HASHTAG BULAWAYO PHARMACY,54 H. CHITEPO BTWN 3RD & 4TH AVENUE
HATFIELD PHARMACY,"150 ST.PATRICKS ROAD,"
HEALNEST PHARMACY,STAND 3058  CHERUTOMBO T/SHIP
HEALTH CARE PHARMACY,NSSA COMPLEX GROUND FLOOR
HEALTH DIRECT PHARMACY,7602 GLEN NORAH A
HEALTH GATE PHARMACY,47C OLYMPIA HOUSE ELM STREET
HEALTH GORGE PHARMACY,3485 NYAMHUNGA
HEALTH LINK PHARMACY,3101 CHIGOVANYIKA SHOPS
HEALTH MART PHARMACY,42/44 2ND STREET
HEALTH PARADISE PHARMACY,SHOP 6 PTA HOUSE 19 K.  NKRUMAK
HEALTH PHARMACY,51 CENTRAL AVENUE
HEALTH PLUS PHARMACY,CNR PRINCESS RD/BURTON RD BELVEDERE
HEALTH PURE PHARMACY,98 ROBERT MUGABE WAY
HEALTHEEZZ PHARMACY,SHOP 3 MFZ COMPLEX 53 FIFE STREET
HEALTH-IN-TUNE PHARMACY,SHOP 10 THE CONCOURSE N. MANDELA ST
HEALTHLINK PHARMACY,157 CHINHOYI STREET
HEALTHMATE PHARMACY,STS 8721-23RD CRES
HEALTHRITE PHARMACY,31 ROBERT MUGABE STREET
HELPSTREAM PHARMACY,11592 MABVUKU KAMUNHU SHOPS
HIGHVIEW PHARMACY,730 OLD CANAAN HIGHFIELD
HIGHWAY PHARMACY,169 QUEEN STREET
HILLSIDE PHARMACY,2 ASHURST R0AD HILLSIDE
HILLTOP PHARMACY,"44 CHIPATARA ROAD, SAKUBVA"
HMMAS PHARMACY,131/133 NELSON MANDELA/SIXTH AVE
HONEY DEW PHARMACY,16 GREENDALE AVENUE HONEY DEW FARM
HOPE PHARMACY,NO. 14 8TH AVE FIFE ST
HOPESPRING PHARMACY,8170 KUWADZANA 4 SHOPS
HOUGHTON PARK PHARMACY,SHOP 3 HOUGHTON S/CENTRE
HP PHARMACY,SHOP 6 2645 MAIN STREET
HURUNGWE PHARMACY,234 MAGUNJE GROWTH POINT
I-CARE PHARMACY,42 SILWOOD CLOSE CHISIPITE
ICON PHARMACY,"SHOP DAUTH BLD, 146 J. TONGOGARA"
IDEAL PHARMACY,STAND 18805 DAMOFALLS
ILS24 PHARMACY,58 N. MANDELA AVENUE
IMPALI PHARMACY,806 GRANADILA RD JOYNO CENTRE
INNOVA PHARMACY,SHOP 2 CIVIC CENTRE MARLBOROUGH
INTRAMED PHARMACY,STAND 106 MAIN STREET
IRIS PHARMACY,"9541 PAHWARINGIRA COMPLEX, WARREN PARK D"
J.G. PHARMACY,146 CHINHOYI SYTREET
JERERA PHARMACY,"STAND NO 206, JERERA"
JOINT PHARMACY,3916 IMPALI SOURCE
JORDAN PHARMACY,STAND 11643 DZIVARASEKWA 2
JOY PHARMACY,STAND 1237 LIGHT INDUSTRIAL SITE
JURU PHARMACY,SHOP 77 KABAMBE S/CENTRE JURU G/POINT
JUSTIN SMITH PHARMACY,82 L TAKAWIRA AVENUE
KAFLATE PHARMACY,"93 JASON MOYO AVE, TRAVEL CENTRE"
KAIZEN PHARMACY,"SHOP 2 OLYMPIC ARCADE, 34 TEMBWE ST"
KAMFINSA PHARMACY,6 ATHLONE S/ CENRE GREENDALE
KATMED PHARMACY,254 GOETE STREET
KENLINK PHARMACY,"127 BORROWDALE RD, GUNHILL"
KIMRIGHT PBC,
KIMRIGHT PHARMACY,27378 UNIT D
KING GEORGE PHARMACY,"32 CORK ROAD, BELGRAVIA"
KINGS PHARMACY,23 6TH AVENUE
KOTWA PHARMACY,STD 2132 KOTWA GROWTH POINT
KUDZANAI PHARMACY,SHOP 68 THIRD STREET
KUTENDA PHARMACY,"6724 MUPAMOMBE RD, RIMUKA"
KUWADZANA PHARMACY,KUWADZANA 5 S/CENTRE
L C PHARMACY,"SHOP 17, MARKET CENTRE, R. G. MUGABE ST"
LARANOK PHARMACEUTICALS,537 NEMAMWA GROWTH POINT
LEES PHARMACY,419 MARLVEN T/SHIP ZINDOGA SHOPS
LEGEND PHARMACY,199A MAIN STREET ROAD
LEMONS PHARMACY,"SHOP 4 SAMMAR GALLERY, AVONDALE"
LENAP PHARMACIES,4950  15 JULIUS NYERERE WAY
LEOPOLD TAKAWIRA STREET PHARMACY,"109 L TAKAWIRA ST, NO 6 WINSTON HSE"
LIFE PHARMACY,"7743A 10 STURHARDT PLACE, ARCADIA"
LIFECARE 24 PHARMACY,1074 MASOTSHA NDLOVU/6TH AVE PARKTOWN
LIFECARE PHARMACY,SHOP 12 R. MUGABE STREET
LIFECHECK PHARMACY,3573 CNR PATRENDA WAY/WILLOWVALE
LIFELINE PHARMACY,"9572 GLEN VIEW 2 S/CENTRE, GLENVIEW"
LIFE-STONE PHARMACY,26021 COWDRAY PARK
LIFESTYLE PHARMACY,SHOP 1 ST ANDREW PLACE BRADFIELD
LIME 6TH AVENUE PHARMACY,33 6TH AVENUE JAMESON BLD
LINK PHARMACY,"SHOP 6  24A CLOVERY RD, CHADCOMBE"
LOCANEY PHARMACY,"14428A CLYDE ROAD, EASTLEA"
LORDS LAND PHARMACY,584 PRINCE STREET
LOREM PHARMACY,STAND 164 BIRCHENOUGH BRIDGE
LOTUS PHARMACY,"SHOP 4, 13 SPEKE AVE/CHINHOYI ST"
LOVELET C. PHARMACY,21794 UNIT C SEKE
LUSAKA PHARMACY,"STD 7328 LUSAKA, HIGHFIELD"
LYDISH PHARMACY,283 MUROMBEDZI G/POINT
LYNFIELD PHARMACIES,CNR H. CHITEPO STREET/RAILWAY AVE
M & M FRIENDLY CARE PHARMACY,53 H. CHITEPO BTWN 3RD & 4TH AVE
M L PHARMACY,106 NELSON MANDELA AVENUE
MABVUKU PHARMACY,"STAND 100, MURAPA BUILDING"
MADEIRA PHARMACY,602/3 TURNER ROAD
MAGABA PHARMACY,3893 RODDEN PLOT MBARE
MAGUNJE PHARMACY,STD NO. 265 MAGUNJE T/SHIP
MAINSTREET PHARMACY,4225 MAINSTREET RD
MAJOR PHARMACY,35 HUGHES STR KUBATANA CENTRE
MAKANAKA PHARMACY,22 INC WADZANAI SHOPS
MALASHA PHARMACY,28 CORONATION DRIVE
MALL PHARMACY,34 HOFMEYER STREET
MAMBOMED PHARMACY,ROOM 14 71 CONTINENTAL PLAZA 6TH ST
MANICA PHARMACY,SHOP 5  FIDELITY CENTRE
MARBLES PHARMACY,606 CHARLES STREET
MARIMBA PHARMACY,"SHOP 11,MARIMBA S/ CENTRE, BELVEDERE"
MATRAMED PHARMACY,SHOP 2 STD NO. 11222 CHINHOYI T/SHIP
MAXI-HEALTH PHARMACY,"8722 GAZALAND S/CENTRE, HIGHFIELD"
MBARE PHARMACY,"STD 14829, CHAMINUKA ST, MBARE"
M-CARE PHARMACY,SHOP 9 SAMORA MACHEL AVENUE
MCAZ PHARMACY,NO. 106 BAINES AVENUE
MED-AID PHARMACY,STD 85 TAFARA WAY KAMUNHU S/CENTRE
MEDBOUND PHARMACY,9727 GLEN NORAH B
MEDBRANDS PHARMACY,"SHOP 1 SAU PAULO BLD, 158 KWAME NKURUMAH"
MEDCARE PHARMACY,41 CHURCHILL AVENUE ALEXANDRA PARK
MED-CHEM PHARMACY,"2 PHUMULANI COMPLEX, CNR SOUDAN / BIGBEN ROADS"
MEDCREST PHARMACY,5492 TURF TOWNSHIP
MEDEXPRESS (DTM) PHARMACY,6 CNR J. CHINAMANO ST/MAZOWE ST
MEDFLEX PHARMACY,91 MAY STREET
MEDICAL CENTRE PHARMACY,126 HERBERT CHITEPO
MEDICHEM PHARMACY,"SHOP 14 GWERU MEGAWATT MALL, BYO RD"
MEDICINE SHOPPE BAINES PHARMACY,15 BAINES AVENUE
MEDICIVE PHARMACY,"SHOP 4, 3 AND 5 ADYLIN PARK AVONDALE"
MEDIHEALTH PHARMACY,47 J.M.N. NKOMO STREET
MEDI-MART PHARMACY,92 DONNERS ARCADE 82 HARARE STREET
MEDIPHARM PHARMACY,73B FORT STREET
MEDIPLUS PHARMACY,"SHOP 2 ALPINE HSE, 59B THE GREEN"
MEDIROSE PHARMACY,SHOP 4 MACHOKOTO BLD
MEDISTAT PHARMACY,"9510 AREA X, MUFASOKE"
MEDIWISE PHARMACY,111 THURLOWS AVENUE
MEDIX PHARMACY,"SHOP 5 & 6, CBZ COMPLEX, NEWLANDS"
MEDLINE PHARMACY,"SHOP 5, BAHADUR BDG,CNR 3RD ST/3RD"
MEDLINK 24 PHARMACY,7828/29 SOUTHLEA PARK
MEDSERVE PHARMACY,SHOP NO. 1 OLD MUTUAL HOUSE
MEDTOCURE PHARMACY,10091GUZHA B/CENTRE CHIKWANHA
MEDVIL PHARMACY,8190 KUWADZANA 5 SHOPPING CENTRE
MEDXPRESS PHARMACY,SHOP 2 121/123 HARARE STREET
MEIZON PHARMACY,"SHOP 2, HURUYADZO SHOPS, ST MARYS"
MERCURY PHARMACY,22853 UNIT G. SEKE
METROPOLIS PHARMACY,294 HUGHES STREET
METROPOLITAN PHARMACY,82 G. SILUNDIKA AVE/SIXTH AVENUE
MICHAEL GELFAND PHARMACY,53 JOSIAH CHINAMANO AVENUE
MICHELLES PHARMACY,STAND NO 19709  UNIT N
MILTON PARK PHARMACY,"58 PALMER RD, MILTON PARK"
MINICARE PHARMACY,"SHOP 2 LUXOR HSE, ALONG 9TH AVE & FIFE ST"
MINT PHARMACY,"4 MUKEWA BLD, 4235 INDUSTRIAL RD"
MKOBA PHARMACY,SHOP 6 CIPF COMPLEX MKOBA 6
MLINK PHARMACY,"SHOP 1, 53 HOFMEYER STREET"
MOKOENA PHARMACY,STD 10416F GLENWOOD
MONDAY PHARMACY,646 NHARIRA SHOPS
MORCY HEALTHCARE PHARMACY,"10 TRISCOMBE RD, CHISIPITE"
MOUNT DARWIN PHARMACY,1 MAIN STREET
MPOPOMA PHARMACY,6946 MPOPOMA SHOPPING COMPLEX
MUGUTA PHARMACY,11 MUGUTA EPWORTH
MURAMBI GARDENS CLINIC PHARMACY,"16 MURAMBI DRIVE, MURAMBI"
MUTARE PHARMACY,65 H. CHITEPO STREET
MUTORA PHARMACY,19 JIMAYA COMPLEX NEMBUDZIYA GROWTH POINT
N & M PHARMACIES,"STD 7217, SHOP 2 UNIT J"
NECTACARE PHARMACY,217 HEBERT CHITEPO AVENUE
NEDVEST PHARMACY,1067 TURF
NEIGHBORCARE PHARMACY,6421 SOUTHLEA PARK
NEW CHIVHU PHARMACY,STAND 380 DECLERK STREET
NEW HIGHFIELD PHARMACY,"STD 4100 MACHIPISA MURAPE BLD,HIGHFIELD"
NEW HOPE PHARMACY,"19157 ZENGEZA 4 SHOPS, ZENGEZA"
NEW HORIZON PHARMACY,STAND 9686 MUFAKOSE OK SHOPPING CENTRE
NEW MBIZO PHARMACY,STAND 8481 MBIZO II
NEW MIDLANDS PHARMACY,"3 BAHADUR CENTRE, MAIN STREET"
NEW MUREHWA PHARMACY,STD 571CHIGASA COMPLEX MUREHWA GROWTH POINT
NEW MVURWI PHARMACY,1052 CLAYTON COMPLEX
NEW PLATINUM PHARMACY,"STAND 8785, ST MARYS"
NEW VENTURE PHARMACY,15 ZANDAAM COURT CNR CHINAMANO/MAZOWE RD
NEW VITAL CARE PHARMACY,STAND 13624
NEWDAY PHARMACY,STD NO. 1088 ZIJENA BLD
NEXMED PHARMACY,STD 88 CHIZANGA T/SHIP MUCHI COMPLEX
NITT PHARMACY,STD 710 NYIKA GROWTH POINT
NKETA PHARMACY,1120 NKETA 6
NKULUMANE PHARMACY,STAND 5603 NKULUMANE 5
NORTHEND PHARMACY,"SHOP 1 CHANDOS PLACE JUDD AVE, NORTHEND"
NORTON PHARMACY,K2014 KATANGA
NU PHARMACY,145 FIFE AVENUE
NYANGA PHARMACY PBC,"STAND 85, ROCHDALE"
OAKWOOD PHARMACY,"SHOP 2 STD 12248 KUWADZANA EXT, SIFRA COMPLEX"
OASIS PHARMACY,SHOP 4 VALLEY SHOPS MAIN SQUARE
OCEAN PHARMACY,"4099, CHIPOSI BLD MACHIPISA"
OLEIFERA PHARMACY,"66 KILWINNING RD, HATFIELD"
OLICHEM PHARMACY,3839 MASHAKADA BUS.CENT
OLIVE BRANCH PHARMACY,100 L.TAKAWIRA STREET
OLIVES PHARMACY,SHOP NO.10 LION DRIVE
OMEGA HEALTH PHARMACY,"38 GLENARA AVENUE SOUTH, EASTLEA"
ONE STOP PHARMACY,SHOP 6 LAPF CENTRE CNR J. MOYO & CHINHOYI ST
OUTREACH PHARMACY,"STAND 68, SAKUBVA MUSIKA"
OVAL PHARMACY,SHOP 5 STD 20363 CIPF MALL
OVERSPILL PHARMACY,"5052H OVERSPILL, EPWORTH"
P.S.P PHARMACY,47 G. SILUNDIKA AVENUE
PASSION PHARMACY,90 SOUTHLEA PARK
PATHWAY PHARMACY,STAND 43 MAIN STREET
PATSOL PHARMACY,J NYERERE/NELSON MANDELA AVE
PHAKAMA PHARMACY,1190 PHAKAMA
PHARMACARE PHARMACY,NO 1 BERVICK BLD SELKIRK RD
PHARMACITY PHARMACY,71 HERBERT CHITEPO STREET
PHARMACY FOR YOU,39 CENTRAL AVENUE
PHARMAPRIX PHARMACY,3 MOONLIGHT BUILDING 5TH STR
PHARMARITE PHARMACY,36 HARARE STREET
PHARMASAVE PHARMACY,STAND 16 MAHUSEKWA T/SHIP
PHARMAWELL PHARMACY,"NUMBER 9, THURLOWS AVENUE"
PHARMVILLE PHARMACY,30 TONGOGARA STREET
PHARMWORLD PHARMACY,"4096 MACHIPISA S/CENTRE, HIGHFIELD"
PILL BOX PHARMACY,6862 GLEN VIEW 3 TICHAGARIKA S/CENTRE
PINEAL PHARMACY,"SHOP 344, 188 ROSEWAY STREET"
PINEWOOD PHARMACY,4169 GLEN VIEW 1 S/CENTRE
PLAZA PHARMACY,"SHOP G1B,CNR MAZOWE/J CHINAMANO"
PLUMTREE PHARMACY,14 TEGWANI ROAD
PLUS TWO EMERGENCY,94B ROBERT G MUGABE WAY
PLUTO PHARMACY,1 ENGINEERING HSE 88 REZENDE STREET
PORTAL PHARMACY,31705 UNIT N
PRICELINE PHARMACY,1270 BAOBAB NORTH EXTENTION
PRIME PHARMACY,33 ROBERT MUGABE WAY
PROMED PHARMACY,27 CHATHAM ROAD
PSP 68 GEORGE SILUNDIKA PHARMACY,68 GEORGE SILUNDIKA AVENUE
PUMULA PHARMACY,24547 PUMULA OLD SHOPPING CENTRE
PURE JOY PHARMACY,2053 NYIKA GROWTH POINT
QUALITY PHARMACY,"STD 11300 TICHAGARIKA S/CENT, GLEN VIEW 8"
QV PHARMACY,"ROBINSON HSE, UNION AVE/ANGWA ST"
R J PHARMACY,128A FORT ST/12TH AVENUE
RACECOURSE PHARMACY,THE AUCTION B/DALE PK RACE COURSE
RAILMED (BULAWAYO),87 ROBERT MUGABE WAY
RANK PHARMACY,7 RARAMAI STREET MUCHEKE TOWNSHIP
RAVAT PHARMACY,MUTORI FOUNDATION COLLEGE 14507 SEC II MBIZO
REALM PHARMACY,19 ROBERT MUGABE WAY
REGAL PHARMACY,"4746 5TH CIRCLE, GLEN VIEW"
REGENT PHARMACY,77 L.TAKAWIRA STREET
RELIANCE PHARMACY,104 LEOPOLD TAKAWIRA STREET
REMNANT PHARMACY,"SHOP 1, STAND 16250, ZENGEZA 4 COMPLEX"
REVELATIONS PHARMACY,116 MBUYA NEHANDA STREET
REVIVAL PHARMACY,9989 MUFAKOSE T/SHIP CNR MUMUNGU & MUTONGOTOWE RD
REZENDE PHARMACY,"SHOP 6, JULIUS NYERERE WAY"
RHODESVILLE PHARMACY,SHOP 11 HIGHLANDS GREEN S/CENTRE
RIDGEVIEW PHARMACY,"SHOP 1 BIG B MALL BISHOP GAUL AVE, BELVEDERE"
RIMUKA PHARMACY,STD 14790 SARUDZAI S/CENTRE RIMUKA
ROBUST PHARMACY,"686 SIMON MAZORODZE RD, HOPLEY"
ROLF VALLEY PHARMACY,29 FISHER AVE SHOP 1&2 ROLF VALLEY
ROYAL PHARMACY,108 H.CHITEPO/9TH AVENUE
RTS PHARMACY,STAND 19229 SHOP 2 ZENGEZA 2
RUSAPE PHARMACY,23 ROBERT MUGABE STREET
RUTENDO COMMUNITY PHARMACY,SHOP 5 NHOKORE ENT RUTENDO T/SHIP
RUWA PHARMACY,"STAND 3788, SHOP 7 CIPF COMPLEX"
SADZA PHARMACY,64/65 SADZA GROWTH POINT
SANCTUARY PHARMACY,1467 SECTION 2.KAMBUZUMA
SCRIPT PHARMACY,"27 MBUDZI PEOPLES MKT, WATERFALLS"
SEASONS PHARMACY,SHOP 9 FARMERS MKT OK COMPLEX MBARE
SEKE 2 PHARMACY,19785 UNIT L SHOPPING CENTRE
SEKE SOUTH PHARMACY,"32200 UNIT L SHOPPING CENTRE, SEKE"
SERENE PHARMACIES,212 HAUNA GROWTH POINT
SERVANT PHARMACY,STAND NO. 432
SETTLEMENT PHARMACY,"STAND 7110, GLEN NORAH B S/CENTRE"
SHAMROCK PHARMACY,AVONDALE SHOPPING/CENTRE A 15
SHELLEY PHARMACY,"SHOP 2 FAIRWAYS BLD, 2ND STR EXT, BELGRAVIA"
SHOWGROUND PHARMACY,212 CHIREDZERO BUSINESS CENTRE
SIEGMED PHARMACY,SHOP 12 NEW MEGAWATT COMPLEX
SKYVIEW PHARMACY,393 NGUNGU B/CENTRE
SNAKE PARK HEALTH PHARMACY,SHOP 2 WHITECLIFF BUS CENT. SNAKE PARK
SOUTH BANK PHARMACY,STAND 634 NYAMHUNGA TOWNSHIP
SOUTH MEDICAL CHITUNGWIZA PHARMACY,"STD 14656, ZENGEZA 4"
SOUTHCITY PHARMACY,"423A MALVERN SHOPS S. MAZORODZE RD, WATERFALLS"
SOUTHERTON PHARMACY,8823 ST JOHNS WAY SOUTHERTON
ST MARYS PHARMACY,5 CAMBITZIS BLD 186 KING GEORGE RD
ST RAPHAELS PHARMACY,CHIRODZERO BUSS. COMPLEX
STANKUSH HEALTH PHARMACY,"49 AFGATE HSE, CNR. G SILUNDIKA AVE & 4TH STREET"
STAR PHARMACY,SHOP 7 FARMERS MARKET MBARE
STODART PHARMACY,STAND 20078 PAZARANGU AVE MBARE
STRATHAVEN PHARMACY,"SHOP 6, STRATHAVEN S/CENTRE,STRATHAVEN"
STREET PHARMACY,SHOP 22D 6TH AVENUE
SUBURBAN PHARMACY,STAND 3489 WARREN PARK 1 S/CENTRE
SUNNINGDALE 2 PHARMACY,STD 16075 40TH CLOSE SUNNINGDALE 2
SUNRAY PHARMACY,STD 8554 CHITUBU S/C GLEN NORAH A
SUNWAY PHARMACY,1272 VENTERSBURG ROAD SUNWAY
SUPERMART PHARMACY,90 J.M. NKOMO ST & 9TH AVE
SUPERMED PHARMACY,SHOP2 ZONKIZIZWE COMPLEX BRADFIELD
T & N PHARMACY,18 HARRIS STREET
TACTYFIN MAKONI PHARMACY,19667 UNIT G SEKE
TACTYFIN PHARMACY,"306 CHATIRA BLD HURUYADZO, ST MARYS"
TANAYA PHARMACY,"SHOP 1, NEWLANDS BLD, ENTERPRISE RD"
TARGET PHARMACY,67A FORT STREET
TASCA PHARMACY,"9185 CHIMBAIRA COMPLEX, ZANAMWE, ST MARYS"
TEES PHARMACY,CNR 11TH / FIFE STREET
TEES PHARMACY (ZVISHAVANE),"ACROPOL BUILDING,R MUGABE WAY"
THE BALM OF GILEAD,SHOP 1 MAPURANGA COMPLEX
THE BEST PHARMACY,26 ROBERTSON STREET
THE BROOKE CHEMIST,"SHOP 13, BORROWDALE BROOKE S/CENTRE"
THE CENTRE PHARMACY,60 LIVINGSTONE AVENUE
THE CENTURION PHARMACY,"DATHEE BLD, 68 7TH STREET"
THE COUNTRY PHARMACY,SHOP 4 DOLPHIN HOUSE 49B PINE STR
THE MEDICINE CHEST PHARMACY,4 ST ANDREWS ARCADE  CHISIPITE
THE RENAL PHARMACY,40 JOSIAH TONGOGARA AVENUE
THE STONES PHARMACY,STAND 2942 OLD HIGHFIELD
THOSHECK PHARMACY,SHOP Y13 SUWOGURU T/SHIP
TICHAZ PHARMACY,9515 TICHAGARIKA S/CENT. GLENVIEW 3
TK PHARMACY,16069 UNIT G SEKE
TLC PHARMACY,5513/15 TURF BUSINESS CENTRE MHONDORO
TOP HEALTH PHARMACY,25352 UPFRONT RD MAVAMBO SHOPS
TOPCARE PHARMACY,8131 KUWADZANA 1 SHOPPING CENTRE
TOTAL HEALTH PHARMACY,STAND 4137 GOKWE CENTRE
TOTAL-MED PHARMACY,120 CHINHOYI STREET
TOWERS NEST PHARMACY,SHOP 2 ZB LIFE TOWERS 77 J. MOYO AVE HRE
TRINITY PHARMACY,109 J. CHINAMANO AVENUE
TROPICAL PHARMACY,21176 (PLOT 1) MUSIKA ST RUJEKO A
TRUEWAY HEALTH PHARMACY,5621 KUWADZANA 7
TRUSTCARE PHARMACY,SHOP 11 ENTUMBANE COMPLEX
TSHOVANI PHARMACY,"3653 NJONJOLINJO RD,TSHOVANI"
ULTIMATE PHARMACY,7055 GLEN NORAH A CHITUBU S/CENTRE
ULTRA CITY PHARMACY,"SHOP 2 STD 4412 KUSHANDA CRES, BUDIRIRO"
UMDALA WETHU PHARMACY,"677A, NKETA DRIVE, EMGANWINI"
UNICARE PHARMACY,"90 HARARE STREET, SHOP 1"
UNIT H PHARMACY,STD 32457 SHOP 6  UNIT H
UNIT L PHARMACY,19791 UNIT L SHOPS SEKE
VALUE PHARMACY,STAND 223-225 OK SUPERMARKET
VALZ PHARMACY,"5549 TYNWALD SHOPS, TYNWALD"
VETPHARM PHARMACY,NO.1 COVENTRY ROAD
VICTORIA FALLS PHARMACY,3 PHUMULA CENTRE
VILLAGE PHARMACY,3 NEW BLOCK 1 SAM LEVYS VILLAGE
VINE PHARMACY,4388 CHINOTIMBA
VITAL PHARMACY,49 CHIRUWA AVENUE NEW MABVUKU
VITASOURCE PHARMACY,"SHOP 1 VANDOROS BLD, FOURTH/OAK STREETS"
VIVAT HEALTH PHARMACY,STAND 15658 GLASGOW ROAD
VLERMAG PHARMACY,SHOP 13 HIGHGLEN SHOPPING CENTRE
WALGREEN PHARMACY,"SHOP 3, 37/39 SECOND STREET"
WALVIS WESTLEA PHARMACY,"7103 WESTLEA SHOPS, WESTLEA"
WATERSHED PHARMACY,246 THE GREEN
WAYFAM PHARMACY,8651 WARTH RD
WELCOME PHARMACY,SHOP NO. 2C
WELLCARE PHARMACY,2744 CHIEDZA CRESCENT NYAMENI
WELLNESS PHARMACY,216/17 L. TAKAWIRA STREET
WEST END PHARMACY,13 BAINES AVENUE
WESTGATE 24 HRS PHARMACY,22 NORTHWEALD ROAD BLUFFHILL
WESTVIEW PHARMACY,STD 8465 MACHIPISA S/C HIGHFIELD
WHITCHEM PHARMACY,3 SOUTH AVENUE CUSTOMS HSE CHARGE OFFICE
WHITECROSS PHARMACY,"1 BORROWDALE LANE, BORROWDALE"
WHITEFUR PHARMACY,ZIMBIRU BUSINESS CENTRE
WHITEHOUSE PHARMACY,"LOT NO 12, SHOP 14 WHITEHOUSE S/CENTRE"
WI-CARE PHARMACY,"SHOP2 & 3, K&K ARCADE,59 FIFTH STREET"
WILLOWVALE PHARMACY,SHOP 16  HIGHGLEN S/CENTRE
WIN PHARMACY,"SHOP 7 BESTY GORDON BLD, 69 R. MUGABE WAY"
WINDSOR PHARMACY,"3890 SAN SOUCCI RD, OLD WINDSOR"
WORD PHARMACY,1 KINGSTONES HSE 34 KWAME NKRUMA
YOUR PHARMACY,57 5TH STREET
YSABEL PHARMACY,"STAND 3181, MURAMBINDA GROWTH POINT"
ZOE PHARMACY,"19680 UNIT M, SEKE"
ZVIMBA PHARMACY,NO 67 MUROMBEDZI
ZVISHAVANE PHARMACY,STD NO 21 KATADZA ROAD
