MWENEZI SURGERY,Mwenezi
MHANGAMI SURGERY  (DR),STAND 207
MVURWI POLYCLINIC,"STAND 624, INDEPENDENCE WAY"
REBELO AND SYED DRS,RISHON BUILDING
ST CLARITA MEDICAL CENTRE,7542 NKETA 9
REHMAN BASHARAT UR,38-13TH AVENUE
"NKULUMANE 4, SURGERY","NDABA RD, NKULUMANE 4"
MIDZI STANLEY M,"139 MANRESA WAY, MABVUU"
SHAH  A. B. (DR),STAND 9545
AHMED CLINIC,21 ROBSON MANYIKA AVENUE
ABOOBAKAR M.B.,156 H. CHITEPO AVE/TAKAWIRA ROAD
TAREMBA SURGERY,"312 CD2, CHECHECHE"
NYANYADZI FAMILY SURGERY,MUGOMO COMPLEX
DAMBA SURGERY,26 DAMBA
BIRCHENOUGH BRIDGE FAMILY SURGERY,184 BIRCHENOUGH BRIDGE SER. CENTRE
BANKET FAMILY PRACTICE,STD 232 STATION ROAD
NEDZIWA SURGERY,STAND 48
LUPANE PRIVATE MEDICAL CENTRE,STAND  NO.113
MAKETA TAZIVA (GLEN VIEW MEDICAL),9515 GLEN VIEW TICHAGARIKA S/CENTRE
SITHOLE ENOCK,1067 HANDWORTH AVENUE
BORROWDALE PVT HOSP & CRITICAL CARE,1 WENHAM CLOSE BORROWDALE
HWANGE COLLIERY HOSPITAL,HWANGE COLLIERY
LUVEVE PRIVATE CLINIC PHARMACY,9826 LUVEVE 4
MILTON PARK MEDICAL CENTRE PHARMACY,"NO. 2, HARVEY BROWN, MILTON PARK"
RANGARIRAI HOLISTIC CARE CENTRE,9657 CHIPUKUTU PARK
ST ANNES HOSPITAL PHARMACY,NO. 155 KING GEORGE ROAD
NECTACARE PHARMACY,1016A HIGHLANDS
GARDEN CITY CLINIC,383 ENGINEERING HIGHFIELD
CHROME MINES HOSPITAL,CHROME MINES HOSP
THE COLIN SAUNDERS HOSP,HOSPITAL ROAD
BAINES AVENUE CLINIC PHARMACY,66 BAINES AVENUE
BELVEDERE MATERNITY HOME,17 PRINCES ROAD
AVENUES CLINIC,CNR MAZOWE/BAINES AVENUE
MATER DEI HOSPITAL,BURNS DRIVE MALINDELA
WESTEND MEDICAL SERVICES PHARMACY,14 BAINES AVENUE
PSMI SHASHI PRIVATE HOSPITAL,169 CHURCH ROAD
CLAYBANK CLINIC PHARMACY,STD 792 CLAYBANK RD
THE MIDLANDS PVT HOSPITAL,STD 8766 GYMKHANA J. TONGOGARA
HEALTH POINT HOSPITAL,"15 LANARK ROAD, BELGRAVIA"
HEENT PHARMACY,"5 WEALE RD, MILTON PARK"
HIPPO VALLEY ESTATE CLINIC,250 TSESSEBE DRIVE
ZIMASCO KWEKWE CLINIC,SMELTER BIRMINGHAM ROAD
MIMOSA MINE CLINIC,"OLD DADAYA RD, MIMOSA MINE"
GOZONYA CLINIC,HIPPO VALLEY ESTATE SECTION 24
HWANGE NO. 1 NORTH CLINIC,NO 1. NORTH VILLAGE
BORDER TIMBERS CHARTER CLINIC,CHARTER ESTATE
BORDER TIMBERS IMBEZA CLINIC,IMBEZA ESTATE
CHITUNGWIZA NEW START CENTRE,SHOP 26 TOWN CENTRE
MASHONALAND TOBACCO COMPANY,4 SIMON MAZORODZE ROAD
RIO ZIM DALNY MINE CLINIC,RIO ZIM DALNY MINE
SOFTEX TISSUE PRODUCTS,202 SEKE ROAD GRANITESIDE
HILBRE FARM CLINIC,HILBRE FARM
TURNALL CLINIC,STAND 993 STEELWORKS ROAD
ZESA MUNYATI POWER STATION,MUNYATI POWER STATION
BLANKET MINE (1983) PVT LTD CLINIC,OLD GWANDA RD
DAIRIBORD ZIMBABWE CLINIC-HARARE,REKAI TANGWENA ROAD
NATIONAL FOODS LTD - HARARE,"10 STIRLING RD, WORKINGTON  HEAVY INDUSTRIES"
OLIVINE INDUSTRIES CLINIC,36 BIRMINGHAM ROAD
SABLE CHEMICAL INDUSTRIES CLINIC,ANNE NEWTON BOULEVARD
SHANGANI MINE  CLINIC,SHANGANI MINE
TURNALL FIBRE CEMENT,5 GLASGOW RD
ZIMBABWE POWER COMPANY,HWANGE POWER STATION
ELEPHANT HILLS HOTEL CLINIC,PARKWAY EXTENSION
TROJAN NICKEL MINE CLINIC,TROJAN NICKEL MINE
AFRICA UNIVERSITY CLINIC,AFRICA UNIVERSITY CAMPUS
ZIMBABWE PHOSPHATE CLINIC,OFF MUTARE ROAD
HWANGE COLLIERY NO 1 CLINIC,HWANGE COLLIERY NO 1 CLINIC
MURIEL MINE CLINIC,MURIEL MINE
ZIMBABWE PLATINUM MINES,NGEZI MINE
FREDA REBECCA MINE CLINIC,FREDA REBECCA MINE
BRAVETTE CLINIC,STAND 808 SEKE ROAD
ZFC CLINIC,1 AMBLESIDE ROAD
POPULATION SERVICES ZIMBABWE-KADOMA,2980 MUPAMOMBE ROAD
NATIONAL BREWERIES - BULAWAYO,"14-15 LEAMINGTON RD, BELMONT"
HUMANA PEOPLE TO PEOPLE CLINIC,"4 PALMER RD, MILTON PARK"
ZISCOSTEEL WORKS CLINIC,REDCLIFF WORKS MUSGRAVE ROAD
LOBELS BISCUITS,"STD 5179, CNR BIRMINGHAM/LUTON  RDS"
DELTA BEVERAGES CLINIC,21 MANCHESTER ROAD
DELTA BEVERAGES CLINIC,CNR SEKE AND CRIPPS RDS
UNILEVER  ZIMBABWE,WORKINGTON
KADOMA PAPER MILLS,STAND NO 1067 OWL MINE ROAD
RATELSHOEK TEA ESTATE CLINIC,RATELSHOEK EASTATE
COLCOM FOODS CLINIC,1-3 COVENTRY ROAD
UNIFREIGHT CLINIC,CORNER ORME & WILLOW ROAD
MUTARE BOARD & PAPER MILLS  CLINIC,MUTARE BOARD & PAPER MILLS
HWANGE SAFARI LODGE CLINIC,HWANGE SAFARI LODGE
EASTERN HIGHLANDS CLINIC,EASTERN HIGHLANDS ESTATE
LOSPEN FARM CLINIC,"23KM PEG LOMAGUNDI RD, STAPLEFORD"
POPULATION SERVICES ZIMBABWE-MBARE,NO 4 3RD AVENUE
SINO ZIMBABWE INDUSTRIAL CLINIC,INDIVA SIDING
ZONA CLINIC,ZONA ESTATE
NEW YEARS GIFT CLINIC,NEW YEARS GIFT ESTATE
TINGAMIRA TEA ESTATE CLINIC,TINGAMIRA TEA ESTATE
FORRESTER ESTATE CLINIC,FORRESTER ESTATES
ZIMBABWE PLATINUM MINE,SELOUS METALLURGICAL COMPLEX
NEW START CENTRE,"NEW START CENTRE ,HADDON SLY BLD"
ZIMASCO MIDDLE & NORTH DYKE CLINIC,ZIMASCO MUTORASHANGA OFF ETHEL RD
BIKITA MINERALS MASARASARA,GLENCLOVA FARM
CROCODILE FARM CLINIC,135 LAGON DRIVE
PPC ZIMBABWE CLINIC,211 VENTERSBURG SUNWAY INDUSTRIAL PARK
AYRSHIRE MINE CLINIC,AYRSHIRE MINE
BON ACCORD CLINIC,NO. 1 BON ACCORD ROAD
DATLABS CLINIC,45 FALACON STREET BELMONT
ZIMBANK,ZIMBANK ROTTEN ROW COMPLEX
THE ZIMBABWE BATA SHOE CO CLINIC,STAND 521/522 BULAWAYO ROAD
NEW START CENTRE - HARARE,40 KWAME NKRUMAH AVENUE
OK BAZAARS FIRST STREET CLINIC,1ST STREET/NELSON MANDELA
CRYSTAL CANDY CLINIC,12 BURNLEY ROAD
GOLDEN QUARRY MINE CLINIC,MAGAKOOSHLA ESTATE LINK ROAD
VUBACHIKWE MINE CLINIC,VUBACHIKWE MINE COMPLEX
UNIFREIGHT LIMITED CLINIC,"3 CHATHAM ROAD, BELMONT"
CHIBONDO CLINIC.,302 CHIBONDO
INGAGULA CLINIC,INGAGULA
ZESA HARARE POWER STATION,6 COVENTRY ROAD
NATIONAL FOODS CLINIC,STEELWORKS ROAD
CARNAUD METAL BOX,"36 AUCKLAND & HIGHFIELD RD, SOUTHERTON"
SAINT GOBAIN CONSTRUCTION PRODUCT,2 DELPORT RD CLEVERLAND PARK
SCHWEPPES CLINIC - BULAWAYO,CNR SWANSEA/DONCASTER RDS
ZIMBABWE ALLOYS CLINIC-GWERU,1899 BRISTOL ROAD HEAVY INDUSTRIAL SITES
STEEL MAKERS INDUSTRIAL CLINIC,OLD STEELWORKS ROAD
OPENCAST DRESSING STATION CLINIC,1 CORONATION DRIVE
PORTLAND HOLDINGS CLINIC,HARARE ROAD CEMENT SIDING
VICTORIA FALLS HOTEL CLINIC,1 MALLET DRIVE VICTORIA FALLS HOTEL
MASHONALAND TOBACCO CLINIC,"167 ERITH ROAD, WILLOWVALE"
CARGO CARRIERS INTERNATIONAL CLINIC,77 DAGENHAM ROAD
TURKMINE INDUSTRIAL CLINIC,TURKMINE
COLLEN BAWN CLINIC,COLLEEN BAWN
NEW START CENTRE,25 G. SILUNDIKA STREET
NEW START CENTRE-CHITUNGWIZA,"SHOP NUMBER 32,TOWN CENTRE"
NEW START CENTRE - MASVINGO,10 HOFMEYER ROAD/J.TONGOGARA AVE
ISABELLA MINE CLINIC,ISABELLA MINE
GWERU NEW START CENTRE CLINIC,MTAPA ADMIN
MIDDLE SABI ARDA RATINGS CLINIC,MIDDLE SABI ARDA ESTATES
UNKI MINE CLINIC,"MAKWIKWI VILLAGE, CHIRONDE"
RENCO MINE CLINIC,RENCO MINE VIA
BINDURA UNIVERSITY CLINIC,"1 CHIMURENGA RD, OFF TROJAN MINE RD"
UNIVERSITY OF ZIMBABWE CLINIC,UNIVERSITY OF ZIMBABWE
UNITED REFINERIES LIMITED CLINIC,KHAMI ROAD EXT. KELVIN NORTH
ST THOMAS CLINIC,99 CENTRAL AVENUE
ZPC BULAWAYO POWER STATION CLINIC,CNR KHAMI ROAD / LOBENGULA STREET
KARIBA SOUTH POWER STATION CLINIC,1 SABLE DRIVE
CHIBUKU BREWERIES,10 SEKE MUTEMA
PROVIDENCE HEALTH CENTRE,52 BAINES AVE 3RD FLOOR
JESSIE MINE WEST NICHOLSON,JESSIE MINE L6
SHAWA MINE,SHAWA MINE
GOLDFIELDS OF SHAMVA CLINIC,NO. 1 MUSAMBANYAMA ROAD
ZIMBABWE EZEKIEL GUTI UNIVERSITY,STD 1901 BARASSIE RD
HWANGE COLLIERY NO 2 CLINIC,HWANGE COLLIERY NO 2 CLINIC
HWANGE COLLIERY NO 3 CLINIC,HWANGE COLLIERY NO 3 VILLAGE
MASHONALAND TOBACCO COMPANY,15-17 AUCKLAND RD
ISLAND HOSPICE & HEALTHCARE CLINIC,"6 NATAL ROAD, BELGRAVIA"
B A T  ZIMBABWE CLINIC,NO 1 MANCHESTER ROAD
TOBACCO PROCESSORS CLINIC,S. MAZORODZE/AUCKLAND RD
SUGAR REFINING,"49 DOUGLAS RD, WORKINGTON"
OLD NIC MINE CLINIC,"COGHLAN RD, KILLARNEY"
HWANGE NO. 5 CLINIC,NO 5 VILLAGE
PROVIDENCE HEALTH CENTRE,UME CROCODILE FARM
LYTTON TOBACCO CLINIC,FOUNDRY RD
POPULATION SERVICES - CHITUNGWIZA,190/191 MHARAPARA RD
CALUNDIKE EXPORTS CLINIC,171 MUPFUTI ROAD
DOROWA MINERALS LIMITED CLINIC,MAGAMBA VILLAGE
CLEARWATER ESTATE CLINIC,CLEARWATER ESTATE
MANICA BOARDS AND DOORS CLINIC,5 ST HELENS DRIVE NYAKAMETE
HUNYANI PAPER & PACKAGING CLINIC,CNR HIGHFIELD & MELBOURNE ROADS
HWANGE NAT. PARKS MAIN CAMP CLINIC,HWANGE NATIONAL PARKS
KUTSAGA RESEARCH STATION,AIRPORT RING ROAD
BOC GASES CLINIC - GWERU,STAND 1903 BISTOL ROAD
BORDER TIMBERS TILBURY CLINIC,TILBURY ESTATE PLANTATION
CHINHOYI UNIVERSITY OF TECHNOLOGY,CHINHOYI UNIVERSITY
ESGAR CLINIC,1256-25TH RD
MAZOWE CITRUS ESTATE CLINIC,MAZOWE CITRUS ESTATE
SIRDC CLINIC,1574 ALPES/TECHNOLOGY DR
MIDLANDS STATE UNIVERSITY CLINIC,MIDLANDS STATE UNIVERSITY
POPULATION SERVICES ZIMBABWE - GOKWE,STAND 385  NYARADZA T/SHIP
CASHEL ESTATE CLINIC,CASHEL ESTATE NHEDZIWA
MALE CIRCUMCISION CENTRE,90A SAMUEL PARIRENYATWA WAY
CLAREMONT CLINIC,CLAREMONT ESTATE
JERSEY  ESTATE CLINIC,JERSEY ESTATE
MANA POOLS NATIONAL PARKS CLINIC,MANA POOLS NATIONAL PARK
MONARCH PRODUCTS LTD CLINIC,KHAMI/WAVERLY RDS
MWENEZI DEVELOPMENT CORP CLINIC,MWENAZANA ESTATE
GREIF (ZIMBABWE),47 HIGHFIELD ROAD
CAROUSEL AND LEE JEANS CLINIC,NO 2 BLACKBURN RD
ARUNDEL SCHOOL CLINIC,28 ARUNDEL SCHOOL ROAD
RESERVE BANK CLINIC,93 LEOPOLD TAKAWIRA AVE
HAGGIE RAND CLINIC,BESSMER STREET
POPULATION SERVICES CLINIC-CHINHOYI,4443 COLD STREAM
DULUX LIMITED CLINIC,"11042 HIGHFIELD RD, SOUTHERTON"
SCHWEPPES ZIMBABWE CLINIC,67A WOOLWICH ROAD
KANGO PRODUCTS CLINIC,NEWPORT STR/PLUMTREE ROAD
POPULATION SERVICES ZIMBABWE- BELVEDERE,"9 BISLEY CIRCLE, BELVEDERE"
CRASTER INTERNATIONAL CLINIC,STD 1/2/6 TILBURY/GLEN EAGLE ROADS
FACT CHIPINGE CLINIC,208 PHILLIP AVENUE
POPULATION SERVICES ZIMBABWE -GWERU,"STAND 2283, MKOBA 7"
RESERVE BANK CLINIC,80 SAMORA MACHEL
MUTIRIKWI CLINIC,SECTION 63 TRIANGLE SUGAR ESTATES
MILL CLINIC,TRIANGLE LIMITED SUGAR MILL
MPAPA CLINIC,"SECTION 65, TRIANGLE SUGAR ESTATE"
KERSHELMAR DAIRIES CLINIC,"CNR LIVERPOOL/COLCHESTER RDS, BELMONT"
NORTH EASTERN NEW START CENTRE,CRN CRAIGEN FROWERRD/WHITE CLIFF RD
AIR ZIMBABWE CLINIC,HARARE INTERNATIONAL AIRPORT
KARIBA EMERGENCY MEDICAL CENTRE,11 LIBUYU STREET HEIGHTS
POPULATION SERVICES ZIMBABWE  - MUTARE,61 TENDERERE STREET
NIMR & CHAPMAN MANUFACTURUNG CLINIC,"TAMWORTH/PLUMTREE RDS, DONNINGTON"
BULAWAYO MINING COMPANY,BULAWAYO MINING COMPANY
PARLIAMENT OF ZIMBABWE CLINIC,CORNER THIRD ST & N. NKRUMAH STREET
BELVERDERE TECH. TEACHERS COLLEGE,"1 HAVARD RD, BELVEDERE"
HARARE POLYTECHNIC CLINIC,CNR HERBERT CHITEPO & PRINCE EDWARD RDS
MANICALAND STATE UNIVERSITY OF APPLIED SCIENCES,1 STAIR GITHRIE ROAD FENHILL
MASVINGO TEACHERS COLLEGE CLINIC,OFF OLD GREAT ZIMBABWE ROAD
HILLSIDE TEACHERS COLLEGE CLINIC,21 CECIL AVENUE
WATERSHED COLLEGE CLINIC,61.5KM PEG OFF MUTARE ROAD
NATIONAL SOCIAL SECURITY AUTHORITY,"VERA ROAD, MZILIKAZI"
BULAWAYO ISLAND HOSPICE,2 GEORGE SILUNDIKA AVENUE
MATTHEW RUSIKE CHILDRENS HOME,LOT 2 EPWORTH
DUDLEY HALL  SCHOOL CLINIC,1 JOHN OGROATS ROAD
ST DOMINICS SEC. SCHOOL CLINIC,OFF ACTURUS ROAD
MIDLANDS CHRISTIAN SCHOOL CLINIC,LONG RD CHRISTMAS GIFT
NUST STUDENTS CLINIC,CNR CECIL AVE/GWANDA ROAD
GREAT ZIMBABWE UNIVERSITY CLINIC,MASHAVA CAMPUS
FALCON COLLEGE,12KM ON THE FALCON RD FRM
GREAT ZIMBABWE UNIVERSITY CLINIC,1 HOFMEYER STREET
MKOBA I CLINIC,MKOBA 2 VILLAGE
MONOMUTAPA CLINIC,OPPOSITE MAMBO FILLING STN
MKOBA POLY CLINIC,MKOBA VILLAGE 13
SENGA CLINIC,BEHIND SENGA S/CENTRE
IVENE CLINIC,IVENE SUBURB
TOTONGA CLINIC,"R MUGABE/8TH STREET, CIVIC CENTRE"
INFECTIOUS DISEASES HOSPITAL,MATOBO ROAD
CHILD WELFARE CLINIC,ALONG SHURUGWI RD
DATLABS,45 FALCON STREET
FIVET ANIMAL HEALTH,"14 STEVENSON ROAD, GRANITESIDE"
GRANITESIDE CHEMICALS,"26 CRIPPS RD, GRANITESIDE"
PHARMANOVA,93 HIGHFIELD RD
ZIMBABWE PHARMACEUTICALS,"6 FALCON STREET, BELMONT"
VARICHEM PHARMACEUTICALS-GLENEAGLES,194 GLENEAGLES ROAD
PLUS FIVE PHARMACEUTICALS,STAND 17181 NKETA DR KELVIN WEST
MEDVET,"33 CRASTER ROAD, SOUTHERTON"
AGRICURA,"62 BIRMINGHAM RD, SOUTHERTON"
VARICHEM PHARMACETICALS-MSASA,"28 MARTIN DRIVE, MSASA"
ECOMED MANUFACTURING,2 FALCON RD BELMONT
CAPS - PENICILLIN PLANT,"2 MANCHESTER RD, SOUTHERTON"
CAPS  PHARMACEUTICALS,2 MANCHESTER ROAD
GULF DRUG COMPANY,UNIT 44 WARREN IND.
7 ELEVEN PHARMACY,NO. 45 ROBERT MUGABE WAY
ACCULIFE PHARMACY,19247 SUNNINGDALE 2 SHOP 3
AEON PHARMACY - MHANGURA,SHOP 2 BAZAAR SHOPPING CENTRE
AEROD PHARMACY,NO 7885 AERODROME
ALIVIO PHARMACY,"STAND 283/284, 92 NORFOLF ROAD"
APEX 24 PHARMACY,14663 DAMOFALLS PARK
ATLAS PHARM PHARMACY,1 1ST AVENUE MARLBEREIGN
BALSAM PHARMACY,SHOP A 3207 JONGWE ST CHIWORORO BUS/CENTRE
BARBOURFIELDS PHARMACY,
BETHEL  PHARMACY,88 & 89 CHINZANGA
BON MARCHE BORROWDALE PHARMACY,"INSIDE BON MARCHE BORROWDALE  STD 585 SAM LEVY VILLAGE, BORROWDALE"
BOOTIES PHARMACY,SHOP MK27 WESTGATE SHOPPING CENTRE
BOOTIES PHARMACY BORROWDALE,SHOP 10 VILLAGE WALK BORROWDALE
BREENYMART PHARMACY,1715 WADZANAYI SHOPPING CENTRE
BRUCE PHARMACY,STD NO. 185
CAPITAL PHARMACY,219 CHIRODZERO BUSS CENTRE
CAREFORALL PHARMACY,STAND NO. 7869
CAREMARK PHARMACY,STAND 60 NGUNDU B/CENTRE
CLIQ SONLINE PHARMACY,676 MUPANDAWANA
COMPLEX PHARMACY,MATEKETA COMPLEX 28 MASHAYAMOMBE RD
CONCESSION PHARMACY,32 AMANDAS
CONNECT PHARMACY,"K2005, KATANGA SERVICE STATION"
CORNERSTORE PHARMACY,"7821 PATISHA INVESTMENTS, SOUTHLEA PARK"
COZYCARE PHARMACY,407 MAKOMO EPWORTH
CROSSROADS PHARMACY,13922 MILLENIUM PARK
CURAPLUS PHARMACY,SHOP 5 CABS HSE BOND STR MT PLEASANT
DE NOVO PHARMACY,9 SAMORA MACHEL AVENUE
DIAMOND PHARMACY - FIFTH STREET,926 - 25 FIFTH STREET
DISPHARM PHARMACY,1706A FIFE AVENUE SHOPPING CENTRE
DIVINE PHARMACY,NO. 1 PARIRENYWATWA HOSPITAL
DIVINE PHARMACY,"SHOP 1, ATHENITIS COMPLEX, FIFE AVE S/CENTRE"
DIVINE PHARMACY - MABELREIGN,SHOP 1 & 2 STORTFORD PARADE MABELREIGN
DOMBORAMWARI PHARMACY,3003 DOMBORAMWARI EPWORTH
DOREEN LEWIS PHARMACY,"SHOP NO 213H, CHECHECHE"
DULIBADZIMU PHARMACY,STAND 2855 DULIBADZIMU T/SHIP
DZIVARASEKWA PHARMACY,9057 DZIVARASEKWA EXTENSION
EAST-ISLE PHARMACY,STAND 899 TURF
EAST-ISLE PHARMACY,SHOP 7B OLD MUTUAL COMPLEX
EXPRESS PHARMACY,"CNR LUVEVE RD/NGCEBETSHA RD, MZILIKAZI"
F C PHARMACY,4487 WESTVIEW AVENUE NEWTOWN
FAMILY CARE  PHARMACY - MARONDERA,STAND 1422 CNR PINE AND MAIN STREET
FEMASH PHARMACY,3897 NHORO ROAD NHARIRA
FORTVIM PHARMACY,18 RODEN STREET MAGABA
GALAXY PHARMACY,19722 UNIT O SEKE
GENESIS PHARMACY,12637 KUWADZANA PHASE 3
GOOD SHEPHERD PHARMACY - MAHOMBEKOMBE,494/495 CAROBECK MAHOMBEKOMBE
GRACEPLUS PHARMACY,93 FARCHIG BLD GURUVE GROWTH POINT
GRACEPLUS PHARMACY,43 BADGERS SKINS COMPLEX
GUARDIAN PHARMACY,1102 NORTON TOWN CENTRE
GURUVE PHARMACY,STAND 1600 MSIKWI COMPLEX
HEALTH DIRECT PHARMACY,7602 GLEN NORAH A
HEALTH DIRECT PHARMACY,"NO. 95 MARWEDE ROAD,"
HEALTH GORGE PHARMACY,3485 NYAMHUNGA
HURUNGWE PHARMACY,234 MAGUNJE GROWTH POINT
I-CARE PHARMACY,42 SILWOOD CLOSE CHISIPITE
INNOVA PHARMACY,SHOP 2 CIVIC CENTRE MARLBOROUGH
IRIS PHARMACY,"9541 PAHWARINGIRA COMPLEX, WARREN PARK D"
JOINT PHARMACY,3916 IMPALI SOURCE
KATMED PHARMACY,254 GOETE STREET
KIMRIGHT PBC,
KIMRIGHT PHARMACY,27378 UNIT D
KING GEORGE PHARMACY,"32 CORK ROAD, BELGRAVIA"
LIFECARE 24 PHARMACY,1074 MASOTSHA NDLOVU/6TH AVE PARKTOWN
LIFE-STONE PHARMACY,26021 COWDRAY PARK
LOREM PHARMACY,STAND 164 BIRCHENOUGH BRIDGE
LOTUS PHARMACY,"SHOP 4, 13 SPEKE AVE/CHINHOYI ST"
LYDISH PHARMACY,283 MUROMBEDZI G/POINT
MAINSTREET PHARMACY,4225 MAINSTREET RD
MCAZ PHARMACY,NO. 106 BAINES AVENUE
MEDCARE PHARMACY,41 CHURCHILL AVENUE ALEXANDRA PARK
MED-CHIP PHARMACY,"STAND 905, TURF"
MEDICHEM GWERU MEGAWATT MALL PHARMACY,"SHOP 14 GWERU MEGAWATT MALL, BYO RD"
MEDICHEM RIVERSIDE WALK MALL PHARMACY,SHOP 11 RIVERSIDE WALK MALL  AVONDALE
MEDICINE SHOPPE BAINES PHARMACY,15 BAINES AVENUE
MEDICIVE PHARMACY,"SHOP 4, 3 AND 5 ADYLIN PARK AVONDALE"
MEDVIL PHARMACY,8190 KUWADZANA 5 SHOPPING CENTRE
MERCURY PHARMACY,22853 UNIT G. SEKE
MERCURY PHARMACY,21793 UNIT C SEKE
MKOBA PHARMACY,SHOP 6 CIPF COMPLEX MKOBA 6
MONDAY PHARMACY,646 NHARIRA SHOPS
MORCY HEALTHCARE PHARMACY,"10 TRISCOMBE RD, CHISIPITE"
MUGUTA PHARMACY,11 MUGUTA EPWORTH
NEDVEST PHARMACY,1067 TURF
NEIGHBORCARE PHARMACY,6421 SOUTHLEA PARK
NEW HORIZON - MARIMBA,STAND 9686 MUFAKOSE OK SHOPPING CENTRE
NEW HORIZON MUFAKOSE PHARMACY,STAND 33 AREA G.MUDYAMHEMBWE MUFAKOSE
NEW HORIZON PHARMACY,STAND 1685 CHESVINGO BUSINESS CENTRE
NEW VENTURE PHARMACY,15 ZANDAAM COURT CNR CHINAMANO/MAZOWE RD
NEW VITAL CARE PHARMACY,STAND 13624
NORTHEND PHARMACY,"SHOP 1 CHANDOS PLACE JUDD AVE, NORTHEND"
OVAL PHARMACY,SHOP 5 STD 20363 CIPF MALL
OVAL PHARMACY,STD 50 5 BOUGAINVILLEA WAY
PHARMASAVE PHARMACY,STAND 16 MAHUSEKWA T/SHIP
PILL BOX PHARMACY,6862 GLEN VIEW 3 TICHAGARIKA S/CENTRE
PSP 68 GEORGE SILUNDIKA PHARMACY,68 GEORGE SILUNDIKA AVENUE
PUMULA PHARMACY,24547 PUMULA OLD SHOPPING CENTRE
PURE JOY PHARMACY,2053 NYIKA GROWTH POINT
RAVAT PHARMACY,MUTORI FOUNDATION COLLEGE 14507 SEC II MBIZO
REMNANT PHARMACY,"SHOP 1, STAND 16250, ZENGEZA 4 COMPLEX"
REMNANT PHARMACY,SHOP 1 STAND 16250 ZENGEZA
REVIVAL PHARMACY,9989 MUFAKOSE T/SHIP CNR MUMUNGU & MUTONGOTOWE RD
RIMUKA PHARMACY,STD 14790 SARUDZAI S/CENTRE RIMUKA
ROBUST PHARMACY,"686 SIMON MAZORODZE RD, HOPLEY"
RTS PHARMACY,STAND 19229 SHOP 2 ZENGEZA 2
SADZA PHARMACY,64/65 SADZA GROWTH POINT
SERVANT PHARMACY,STAND NO. 432
SHOWGROUND PHARMACY,212 CHIREDZERO BUSINESS CENTRE
SIEGMED PHARMACY,SHOP 12 NEW MEGAWATT COMPLEX
SKYVIEW PHARMACY,393 NGUNGU B/CENTRE
SOUTHCITY PHARMACY,"423A MALVERN SHOPS S. MAZORODZE RD, WATERFALLS"
SUNWAY PHARMACY,1272 VENTERSBURG ROAD SUNWAY
TACTYFIN MAKONI PHARMACY,19667 UNIT G SEKE
TASCA PHARMACY,"9185 CHIMBAIRA COMPLEX, ZANAMWE, ST MARYS"
THE RENAL PHARMACY,40 JOSIAH TONGOGARA AVENUE
TK PHARMACY - MAKONI,16069 UNIT G SEKE
TK PHARMACY - ZENGEZA,19331 ZENGEZA 4
TLC PHARMACY,5513/15 TURF BUSINESS CENTRE MHONDORO
ULTRA CITY PHARMACY,"SHOP 2 STD 4412 KUSHANDA CRES, BUDIRIRO"
UMDALA WETHU PHARMACY,"677A, NKETA DRIVE, EMGANWINI"
VALZ PHARMACY,"5549 TYNWALD SHOPS, TYNWALD"
VITAL PHARMACY,49 CHIRUWA AVENUE NEW MABVUKU
VIVAT HEALTH PHARMACY,STAND 15658 GLASGOW ROAD
WATERSHED PHARMACY- BORRADAILE,"BORRADAILE HOSPITAL,"
WAYFAM PHARMACY,8651 WARTH RD
WHITEFUR PHARMACY,ZIMBIRU BUSINESS CENTRE
ZVIMBA PHARMACY,NO 67 MUROMBEDZI
BARRY NELL PHARMACY,264A J. TONGOGARA AVENUE
BELVEDERE PHARMACY,"STD NO. 14575, OLD YEARS PATCHWAY"
BETHEL PHARMACY,"SHOP 2, STAND 31, MAGAMBA WAY"
BRIGHT PHARMACY,STD 13443 SHOP 3 KELVIN CORNER
COPACABANA PHARMACY,"SHOP 2, 144 CHINHOYI STREET"
DEES PHARMACY,CNR R. MUGABE RD/ANGWA STREET
GLOBAL PHARMACY,STAND NO 9 SHOP 2 MUKWATI STREET
HILLSIDE PHARMACY,2 ASHURST R0AD HILLSIDE
LOVELET C. PHARMACY,21794 UNIT C SEKE
MAGUNJE PHARMACY,STD NO. 265 MAGUNJE T/SHIP
NEW HOPE PHARMACY,"19157 ZENGEZA 4 SHOPS, ZENGEZA"
P.S.P. PHARMACY - SPEKE,52 SPEKE AVENUE
STODART PHARMACY,STAND 20078 PAZARANGU AVE MBARE
TOTAL-MED PHARMACY,120 CHINHOYI STREET
WESTGATE 24 HRS  PHARMACY,22 NORTHWEALD ROAD BLUFFHILL
SOUTH MEDICAL CHITUNGWIZA PHARMACY,"STD 14656, ZENGEZA 4"
BLESSED PHARMACY,"SHOP 4, 591 HENRY HARTLEY STREET"
PURE JOY PHARMACY,306C MBERENGWA SERVICE CENTRE
SOUTHERTON PHARMACY,8823 ST JOHNS WAY SOUTHERTON
FIRST PHARMACY,STD 228 KUDAKWASHE BUS. COMPLEX
ESIGODINI PHARMACY,SHOP NO. 4 ZUKA COMPLEX
OAKWOOD PHARMACY,"SHOP 2 STD 12248 KUWADZANA EXT, SIFRA COMPLEX"
GOSHEN PHARMACY,SHOP 9 STD 12 CHINHOYI T/SHIP
TACTYFIN PHARMACY,"306 CHATIRA BLD HURUYADZO, ST MARYS"
BRIGHT PHARMACY - DZIVARASEKWA,"3856 PARIRENYATWA ST, DZIVARASEKWA"
B.H.T. CHEMIST PHARMACY,NO 1 VILLAGE
GETWELL PHARMACY,"7098 WESTLEA S/CENTRE, WESTLEA"
MILTON PARK PHARMACY,"58 PALMER RD, MILTON PARK"
ASHBRITTLE PHARMACY,"44 GOLDEN STAIRS RD,EMERALD HILL"
SANCTUARY PHARMACY,1467 SECTION 2.KAMBUZUMA
BRIGHT PHARMACY,"SHOP 3 STD 13445 KELVIN CORNER, GRANITESIDE"
NEW PLATINUM PHARMACY,"STAND 8785, ST MARYS"
TARGET PHARMACY,67A FORT STREET
THE BEST PHARMACY,26 ROBERTSON STREET
BIRCHENOUGH BRIDGE PHARMACY,191 BIRCHENOUGH BRIDGE
MICHAEL GELFAND PHARMACY,53 JOSIAH CHINAMANO AVENUE
TOPCARE PHARMACY,8131 KUWADZANA 1 SHOPPING CENTRE
HOPESPRING PHARMACY,8170 KUWADZANA 4 SHOPS
EASTCARE PHARMACY,37B MAIN STREET
RIDGEVIEW PHARMACY,"SHOP 1 BIG B MALL BISHOP GAUL AVE, BELVEDERE"
MED-CHIP PHARMACY (PARKTOWN),SHOP NO. 7 PARKTOWN SHOPS
ST RAPHAELS PHARMACY,CHIRODZERO BUSS. COMPLEX
MATRAMED PHARMACY,SHOP 2 STD NO. 11222 CHINHOYI T/SHIP
LARANOK PHARMACEUTICALS,537 NEMAMWA GROWTH POINT
LIFECARE PHARMACY - EVERGREEN,SHOP 37/3 NYANGA ROAD
SOUTHCITY PHARMACY,64 PAZARANGU AVENUE MBARE
HEALTH GATE PHARMACY,47C OLYMPIA HOUSE ELM STREET
MURAMBI GARDENS CLINIC PHARMACY,"16 MURAMBI DRIVE, MURAMBI"
N & M PHARMACIES - CHITUNGWIZA,"STD 7217, SHOP 2 UNIT J"
UNIT L PHARMACY,19791 UNIT L SHOPS SEKE
FIFE AVENUE MEDICAL CENTRE PHARMACY,186 FIFE AVENUE
24 HR KENSINGTON PHARMACY,1 KENNY RD KENSINGTON
3RD AVENUE PHARMACY,49 LOBENGULA STREET & 3RD AVENUE
3RD AVENUE PHARMACY - PLUMTREE,STAND 16 THEKWANI ROAD
ABUNDANT LIFE PHARMACY,86 R. MUGABE ROAD
AD-CARE PHARMACY,"SHOP 3, HAYLET HSE"
AFROPHARM HEALTH PHARMACY,12248 SIFRA COMPLEX KUWADZANA EXT
AFROPHARM HEALTH PHARMACY,SHOP 4 KEMBO SHOPS DZIVARASEKWA EXT
AFROPHARM HEALTH PHARMACY,10131 FRASERTON S/CENTRE WHITECLIFF
AFROW PHARMACY,10217 WESTERN TRIANGLE HIGHFIELDS
ANGEL PHARMACY,STAND 96/7 MAIN STREET
CHECHECHE ANGEL PHARMACY,STAND 354 CHECHECHE
APEX PHARMACY,SHOP 3 ELIZABETH MANSIONS 65 6TH ST
APPLE PHARMACY,SHOP G02 71 FIFE STREET
ARCADE PHARMACY,"SHOP 4, MUTUAL CENTRE"
ARDBENNIE PHARMACY,1 BOSHOFF DRIVE ARDBENNIE
ARIMED PHARMACY,"20 NDONGWE RD, MAZVITA MALL"
ARUNDEL VILLAGE  PHARMACY,SHOP 13&14 ARUNDEL S/CENTRE
ASCOT PHARMACY,SHOP 10  ASCOT SHOPPING CENTRE
ASHER PHARMACY,STAND 5551 BUDIRIRO 4 SHOPS
AVENUES PHARMACY,CNR MAZOWE ST/BAINES AVENUE
B.R. PHARMACY - HYPER,"SHOP  5, ATHOL BLD, 118 FORT STREET"
B.R. PHARMACY,SHOP 2 ASHOKA BLD BTWN 5TH & 6TH ST
B.R. PHARMACY - MAPHISA,STD 2105/6 MAPHISA BUSINESS CENTRE
BAINES AVENUE RETAIL PHARMACY,66 BAINES AVENUE
BAINES PHARMACY,20 MIMOSA FLATS 19 BAINES AVENUE
BALLANTYNE PARK PHARMACY,"BALLANTYNE PARK S/C, WELLBURN AVE"
BALM PHARMACY,STAND 3631 MASOCHA NDLOVU  WAY
BELLEVUE PHARMACY,"105 GLADSTONE RD, BELLEVUE S/CENTRE"
BELVEDERE PHARMACY,189 SAMORA MACHEL
BELVEDERE PHARMACY,SHOP 6-7 LONGCHEN PLAZA
BERTINO PHARMACY,STD NO 57-58 CENTRAL AVENUE
BESTZONE PHARMACY,141 MBUYA NEHANDA STREET
BESTZONE PHARMACY,93 FIFE AVENUE
BOARDER PHARMACY,STAND 4722C DULIBADZIMU T/SHIP
BOOTIES PHARMACY,1 GOWERO HSE 148 MBUYA NEHANDA ST
BOOTIES PHARMACY,SHOP NO. 7 MONTAGU S/CENTRE
BRIGHT PHARMACY - CHIVHU,352 MAIN STREET
BRIGHT PHARMACY - SOUTHERTON,"10 HIGHFIELD RD, SOUTHERTON"
BRIGHT PHARMACY - WESTGATE,"SHOP MK 8, WESTGATE"
BUDIRIRO PHARMACY,"SHOP 1 9195 BUDIRIRO 5, BUDIRIRO"
BULAWAYO CENTRE PHARMACY,"SHOP 56, BULAWAYO CENTRE 94 MAIN ST"
C M PHARMACY,5 KINGSMEAD HSE 11 KWAME KRUMAN AVE
CITY PHARMACY,RAILMED HSE 8TH AVE/J.TONGOGARA STR
CIVIC PHARMACY,"SHOP 6 GREENCROFT S/CENT, 119 LOMAGUNDI RD"
COUNTRYSIDE PHARMACY,STAND 300 RUSHINGA S/CENTRE
C.G. PHARMACY,B16-17 1A MERSEY BLD
CAMERON PHARMACY,SHOP 10 ZIMRE CENTRE
CANDISH PHARMACY,90 FRED JAMESON STREET
CARDINAL HEALTHCARE PHARMACY,STD 1746 RUNYARARO SHOPS
CAREMART PHARMACY,SHOP 2 KAMFINSA ARDACE ARCTURUS RD
CAREMAX PHARMACY,SHOP 14 CHITUNGWIZA TOWN CENTRE
CAREMAX PHARMACY - ZENGEZA,SHOP 13643 ZENGEZA 2 S/CENTRE
CENTRAL PHARMACY - GWERU,56 FIFTH STREET
CENTRAL PHARMACY- MUTARE,69A HERBERT CHITEPO
CHEMAYDE PHARMACY,"15 WINDEMERE LODGE, MAZOWE STREET"
CHINHOYI RANK PHARMACY,STAND 15 SHOP 3 CHINHOYI TOWNSHIP
CHINHOYI TOWN PHARMACY,SHOP 2 STD 3 R. MANYIKA AVE
CHIPINGE PHARMACY,2 CABS BUILDING MAIN STREET
CHITUNGWIZA PHARMACY,"STAND 223,MAKONI SHOPPING CENTRE"
CHLORIC PHARMACY,SHOP 3 94 CHINHOYI STREET
CITIZENS PHARMACY,9689 GLEN VIEW 3 S/CENTRE
CIVIC WESTGATE PHARMACY,"SHOP MP 7, WESTGATE S/MALL"
CLEANWORLD PHARMACY - RUSAPE,"SHOP 4, STD 9 NYABADZA AVENUE"
CLINIMED PHARMACY,"SHOP 2,STD NO.19350 MAKONI S/CENTRE"
CLINIMED PHARMACY,SHOP 1 STORTFORD PARADE MABELREIGN
CONNAUGHT AVENUE PHARMACY,21A CONNAUGHT AVENUE
COSMED PHARMACY,"SHOP 2, 5 GEORGE AVENUE"
THE COUNTRY PHARMACY,SHOP 4 DOLPHIN HOUSE 49B PINE STR
COUNTY BROOK PHARMACY,8673 GLEN NORAH A
COUNTY BROOK PHARMACY,"STD 753, 100 JASON MOYO"
COVENANT PHARMACY,"8141 KUWADZANA 2 SHOPS, KUWADZANA"
COWDRAY PARK PHARMACY,22525 COWDRAY PARK
CROSS COUNTRY PHARMACY,STAND 185
CUREMED PHARMACY,"STD 689,BUDIRIRO 1 S/CENTRE"
CURRENT PHARMACY,5568 BUDIRIRO 5B BUDIRIRO
DAILY HEALTH PHARMACY,88B HERBERT CHITEPO AVENUE
DANGAMVURA PHARMACY,SHOP 20 DANGAMVURA S/CENTRE
DEFACTO PHARMACY,"ESSEX HOUSE, 133 L. TAKAWIRA AVE"
DELYN PHARMACY,SHOP 1 MAIN STREET
DIS-SMAT PHARMACY,"NO 4 SHONALANGA DRIVE, ROCHDALE"
DOMBOSHAVA -SHOWGROUND PHARMACY,"78 CHIRODZERO B/CENTRE, DOMBOSHAVA"
DOREEN LEWIS PHARMACY,SHOP TC9
DRUG MART PHARMACY,"STD 238, MAPEREKE COMPLEX"
E GS PHARMACY,3 ASH HOUSE  LOBENGULA AVENUE
EASTROCK PHARMACY,SHOP 2 OF 54 HEBERT CHITEPO STREET
EBENEZER PHARMACY,SOUTHERTON POST OFFICE LOT 1/3163
EMERALD HILL PHARMACY,"2 HERMES CRT, WEST RD/LOMAGUNDI RD"
EMPIRE PHARMACY - KAMFINSA,"SHOP 123 LOT 305, KAMFINSA S/CENTRE"
ENSWIN PHARMACY,IGHFIELD SHOP NO 3 JABABVU DR
EVOLUTION PHARMACY,"SHOP 1 STAND 10377, KUWADZANA 2"
F C PHARMACY,SPAR COMPLEX 127 MAIN STREET
FAITH PHARMACY,"SHOP 5, SAGONDA COMPLEX, K2006 KATANGA"
FAMILY CARE PHARMACY-CHISIPITE,"11 HINDEHEAD ROAD, CHIS1PITE"
FHC PHARMACIES,NICOZ HOUSE 19  FIRST ST/N MANDELA
FIL-MED PHARMACY,2444 MTHWAKAZI BUS. CENTRE
FIRST CARE PHARMACY,23 JASON MOYO AVENUE
FIRST DAY AND NIGHT PHARMACY,"VICTORIA HSE,50 H.CHITEPO ST"
FIRST STREET PHARMACY,TSHOLOTSHO BUS CENTRE
FITZPHARM PHARMACY,19088 DAMAFALLS
LOCANEY PHARMACY,"14428A CLYDE ROAD, EASTLEA"
FORESTAL MACHIPISA PHARMACY,"STAND 4097,MACHIPISA S/C,HIGHFIELD"
FOUNTAIN PHARMACY-BRAESIDE,"STD 16858 HORATIO AVE, BRAESIDE"
FOURTH STREET PHARMACY,104 R. MUGABE RD/ FOURTH STREET
GLOBAL PHARMACY  (KADOMA),STAND NO 960 MACHIPISA SCENTRE
GLORIMED PHARMACY,"2463, KAMBUZUMA SECTION 5"
GOKWE PHARMACY,"STAND 135, GOKWE GROWTH POINT"
GOLDENVIEW PHARMACY,"STD 18886 WENHAM CLOSE, BORROWDALE"
GOOD SHEPHERD PHARMACY,"STAND 3342, TEEBOX COMPLEX"
GOOD SHEPHERD PHARMACY,6 COLLING STREET
GOROMONZI PHARMACY,84/85 GOROMONZI  BUS. CENTRE
GREENCROFT PHARMACY,"SHOP 5, AVONLEA S/CENTRE"
GREENSVIEW PHARMACY,"37 PINE ST,THE GREEN"
GREENSVIEW PHARMACY,SHOP 1 NO. 12 H. CHITEPO STREET
GREENSVIEW PHARMACY,116 MUKOSI BLD WEDZA GROWTH POINT
GREENWALLS PHARMACY,5570 BUDIRIRO 5B S/CENTRE BUDIRIRO
GREENWOOD PHARMACY,77/79 HERBERT CHITEPO STREET
GREENWOOD PHARMACY,14 FIRST STREET
GREENWOOD PHARMACY,SHOP 6 PICK N PAY 307 ARCTURUS RD
GREENWOOD PHARMACY,91 HARARE STREET CNR BANK STREET
GREENWOOD PHARMACY,"7 PRINCESS FLATS, FORT ST/9TH AVE"
GREENWOOD PHARMACY,"SHOP 394 HUGHES HSE, 22 PARK  ST"
GREENWOOD PHARMACY,39 HERBERT CHITEPO STREET
GREENWOOD PHARMACY - CHITUNGWIZA,SHOP 19 CHITUNGWIZA TOWN CENTRE
GREENWOOD PHARMACY (FIFE AVENUE),FIFE AVE/FIFTH ST
GREENWOOD PHARMACY (GREYHURST BDG),"FOURTH/N.MANDELA,GREYHURST BLDNG"
GREYSTONE PARK PHARMACY,"226 CARRICK CREAGH RD, QUINNINGTON"
HARARE PHARMACY,132 HEBERT CHITEPO AVENUE
HARVEST MEDICAL PHARMACY,NUMBER 2 OLD MUTUAL HOUSE
HASHTAG BULAWAYO PHARMACY,54 H. CHITEPO BTWN 3RD & 4TH AVENUE
HATFIELD PHARMACY,"150 ST.PATRICKS ROAD,"
HEALTH CARE PHARMACY,NSSA COMPLEX GROUND FLOOR
HEALTH GATE PHARMACY,60A SECOND STREET
HEALTH MART PHARMACY,42/44 2ND STREET
HEALTH PARADISE PHARMACY,SHOP 6 PTA HOUSE 19 K.  NKRUMAK
HEALTH PHARMACY,51 CENTRAL AVENUE
HEALTH PLUS PHARMACY,CNR PRINCESS RD/BURTON RD BELVEDERE
HEALTH PURE PHARMACY,98 ROBERT MUGABE WAY
HEALTH CARE PHARMACY,148 KING GEORGE
HEALTHEEZZ PHARMACY,SHOP 3 MFZ COMPLEX 53 FIFE STREET
HEALTH-IN-TUNE PHARMACY,SHOP 10 THE CONCOURSE N. MANDELA ST
HEALTHMATE PHARMACY - WARREN PARK 2,STS 8721-23RD CRES
HELPSTREAM PHARMACY,11592 MABVUKU KAMUNHU SHOPS
HIGHVIEW PHARMACY,730 OLD CANAAN HIGHFIELD
HIGHWAY PHARMACY,169 QUEEN STREET
HILLTOP PHARMACY,"44 CHIPATARA ROAD, SAKUBVA"
HMMAS PHARMACY,131/133 NELSON MANDELA/SIXTH AVE
HMMAS PHARMACY,11383 MAKOMVA S/CNTRE GLEN VIEW 3
HONEY DEW PHARMACY,16 GREENDALE AVENUE HONEY DEW FARM
HOUGHTON PARK PHARMACY,SHOP 3 HOUGHTON S/CENTRE
ICON PHARMACY,"SHOP DAUTH BLD, 146 J. TONGOGARA"
J.G. PHARMACY,146 CHINHOYI SYTREET
JERERA PHARMACY,"STAND NO 206, JERERA"
JORDAN PHARMACY,STAND 11643 DZIVARASEKWA 2
JOY PHARMACY,STAND 1237 LIGHT INDUSTRIAL SITE
JOY PHARMACY,STAND 82 ROBERT MUGABE WAY
JOY PHARMACY,462 HOSPITAL ROAD
JUSTIN SMITH PHARMACY,82 L TAKAWIRA AVENUE
KAFLATE PHARMACY,"93 JASON MOYO AVE, TRAVEL CENTRE"
KAFLATE PHARMACY,5 OLD MUTUAL COMPLEX TURF MHONDORO
KAIZEN PHARMACY,"SHOP 2 OLYMPIC ARCADE, 34 TEMBWE ST"
KAMFINSA PHARMACY,6 ATHLONE S/ CENRE GREENDALE
KENLINK AVICENNA PHARMACY,"127 BORROWDALE RD, GUNHILL"
KENLINK AVONDALE PHARMACY,"SHOP D,AVONDALE  SHOPPING CENTRE"
KENLINK BORROWDALE PHARMACY,SHOP 1 SAM LEVY TOWERS
KENLINK JOINA CENTRE PHARMACY,SHOP U07 JOINA CENTRE
KENLINK KENSINGTON PHARMACY,13 KENSINGTON CENTRE
KENLINK PHARMACY,2247 SPEKE AVE/ L TAKAWIRA
KENLINK THE BRIDGE PHARMACY,SHOP 10 GROOMBRIDGE SHOPPING CENTRE
KINGS PHARMACY,23 6TH AVENUE
KOTWA PHARMACY,STD 2132 KOTWA GROWTH POINT
KUTENDA PHARMACY,"6724 MUPAMOMBE RD, RIMUKA"
KUWADZANA PHARMACY,KUWADZANA 5 S/CENTRE
L C PHARMACY,"SHOP 17, MARKET CENTRE, R. G. MUGABE ST"
LEGEND PHARMACY,199A MAIN STREET ROAD
LEGEND PHARMACY,102 PRINCE EDWARD ROAD
LEMONS PHARMACY,"SHOP 4 SAMMAR GALLERY, AVONDALE"
LENAP PHARMACIES,4950  15 JULIUS NYERERE WAY
LEOPOLD TAKAWIRA STREET PHARMACY,"109 L TAKAWIRA ST, NO 6 WINSTON HSE"
LIFE PHARMACY,"7743A 10 STURHARDT PLACE, ARCADIA"
LIFECARE PHARMACY,SHOP 12 R. MUGABE STREET
LIFECARE PHARMACY,SHOP 1 CABS BUILDING
LIFECHECK  PHARMACY,3573 CNR PATRENDA WAY/WILLOWVALE
LIFELINE PHARMACY,"9572 GLEN VIEW 2 S/CENTRE, GLENVIEW"
LIFELINE PHARMACY,12 KWAME NKRUMAH AVENUE
LIFESTYLE PHARMACY,SHOP 1 ST ANDREW PLACE BRADFIELD
LINK PHARMACY - CHADCOMBE,"SHOP 6  24A CLOVERY RD, CHADCOMBE"
LINK PHARMACY - QUEENSDALE,"SHOP 2 SHAFTBURY AVE, QUEENSDALE"
LORDS LAND PHARMACY,584 PRINCE STREET
LUSAKA PHARMACY,"STD 7328 LUSAKA, HIGHFIELD"
LYNFIELD PHARMACIES,CNR H. CHITEPO STREET/RAILWAY AVE
M L PHARMACY,106 NELSON MANDELA AVENUE
MABVUKU PHARMACY,"STAND 100, MURAPA BUILDING"
MAGABA PHARMACY,3893 RODDEN PLOT MBARE
MAJOR PHARMACY,35 HUGHES STR KUBATANA CENTRE
MALASHA PHARMACY,28 CORONATION DRIVE
MALL PHARMACY,34 HOFMEYER STREET
MANICA PHARMACY,SHOP 5  FIDELITY CENTRE
MARBLES PHARMACY,606 CHARLES STREET
MARIMBA PHARMACY,"SHOP 11,MARIMBA S/ CENTRE, BELVEDERE"
MAXI-HEALTH PHARMACY,"8722 GAZALAND S/CENTRE, HIGHFIELD"
MBARE PHARMACY,"STD 14829, CHAMINUKA ST, MBARE"
M-CARE PHARMACY,SHOP 9 SAMORA MACHEL AVENUE
M-CARE PHARMACY - BRAESIDE,"SHOP 7  2 TAIT AVENUE, BRAESIDE"
MED-AID PHARMACY,STD 85 TAFARA WAY KAMUNHU S/CENTRE
MEDBOUND PHARMACY,9727 GLEN NORAH B
MEDISTAT PHARMACY,"9510 AREA X, MUFASOKE"
MEDIWISE PHARMACY,111 THURLOWS AVENUE
MEDLINE PHARMACY,"SHOP 5, BAHADUR BDG,CNR 3RD ST/3RD"
MED-CHEM PHARMACY,"2 PHUMULANI COMPLEX, CNR SOUDAN / BIGBEN ROADS"
MED-CHEM PHARMACY,STD 13805 BT SHOP 5E PARKADE CENTRE
MEDEXPRESS (DTM) PHARMACY,6 CNR J. CHINAMANO ST/MAZOWE ST
MEDFLEX PHARMACY,91 MAY STREET
MEDFLEX PHARMACY,NO 4 MIDLANDS HOTEL MAIN STREET
MEDFLEX PHARMACY,"SHANGWA COMPLEX, B61 CHILONGA DRIVE"
MEDICAL CENTRE PHARMACY,126 HERBERT CHITEPO
MEDIHEALTH PHARMACY,47 J.M.N. NKOMO STREET
MEDI-MART PHARMACY,92 DONNERS ARCADE 82 HARARE STREET
MEDIPHARM PHARMACY,73B FORT STREET
MEDIPLUS PHARMACY,"SHOP 2 ALPINE HSE, 59B THE GREEN"
MEDIROSE PHARMACY,SHOP 4 MACHOKOTO BLD
MEDIX ANGWA STREET,"SHOP 2 ANGWA HSE, ANGWA STREET"
MEDIX BORROWDALE,"4  POMONA S/CENTRE, BORROWDALE"
MEDIX DAE-NITE PHARMACY,CNR R MUGABE WAY/8TH AVENUE
MEDIX GWERU PHARMACY,SHOP 6 SHOPWELL COMPLEX 7TH ST/R. MUGABE
MEDIX LANCASTER PHARMACY (MUTARE),95A HERBERT CHITEPO
MEDIX MABELREIGN PHARMACY,"STD 387 STORTFORD PARADE,MABELREIGN S/CENTRE"
MEDIX MT PLEASANT PHARMACY,SHOP 4  BOND SHOPS  MT PLEASNT
MEDIX  HIGHLANDS,"SHOP 5 & 6, CBZ COMPLEX, NEWLANDS"
MEDSERVE PHARMACY,SHOP NO. 1 OLD MUTUAL HOUSE
MEDTOCURE PHARMACY,10091GUZHA B/CENTRE CHIKWANHA
MEDTOCURE PHARMACY,13583 ZENGEZA 3
MEDXPRESS PHARMACY,SHOP 2 121/123 HARARE STREET
METROPOLIS PHARMACY,294 HUGHES STREET
METROPOLIS PHARMACY,5755 CHIPADZE TERMINUS
METROPOLITAN PHARMACY,82 G. SILUNDIKA AVE/SIXTH AVENUE
MICHELLES PHARMACY,STAND NO 19709  UNIT N
MINT PHARMACY,"4 MUKEWA BLD, 4235 INDUSTRIAL RD"
MLINK PHARMACY,"SHOP 1, 53 HOFMEYER STREET"
MOKOENA PHARMACY,STD 10416F GLENWOOD
MOUNT DARWIN PHARMACY,1 MAIN STREET
MPOPOMA PHARMACY,6946 MPOPOMA SHOPPING COMPLEX
NKETA PHARMACY,1120 NKETA 6
WORD PHARMACY,1 KINGSTONES HSE 34 KWAME NKRUMA
MUTARE PHARMACY,65 H. CHITEPO STREET
MUTORA PHARMACY,19 JIMAYA COMPLEX NEMBUDZIYA GROWTH POINT
NEW CHIVHU PHARMACY,STAND 380 DECLERK STREET
NEW HIGHFIELD PHARMACY,"STD 4100 MACHIPISA MURAPE BLD,HIGHFIELD"
NEW MUREHWA PHARMACY,STD 571CHIGASA COMPLEX MUREHWA GROWTH POINT
NEXMED PHARMACY,STD 88 CHIZANGA T/SHIP MUCHI COMPLEX
NITT PHARMACY,STD 710 NYIKA GROWTH POINT
NKULUMANE PHARMACY,STAND 5603 NKULUMANE 5
NU FIFE AVENUE PHARMACY,145 FIFE AVENUE
NU KAROI PHARMACY,STAND NO 265
NU MAKONI PHARMACY,STAND 16128 UNIT G. MAKONI
NU TAFARA PHARMACY,STD 198  KAMUNHU S/CENT NEW MABVUKU
NU-ALPHA PHARMACY,STAND 8788 ST MARYS
NU-MEDIWISE PHARMACY,749C. BORDER GEZI  AVENUE
NYANGA PHARMACY PBC,"STAND 85, ROCHDALE"
OASIS PHARMACY,SHOP 4 VALLEY SHOPS MAIN SQUARE
OCEAN PHARMACY,"4099, CHIPOSI BLD MACHIPISA"
OLICHEM PHARMACY,3839 MASHAKADA BUS.CENT
OLIVE BRANCH PHARMACY,100 L.TAKAWIRA STREET
PLUMTREE PHARMACY,14 TEGWANI ROAD
RAILMED (BULAWAYO),87 ROBERT MUGABE WAY
OLIVES PHARMACY,SHOP NO.10 LION DRIVE
OLIVES PHARMACY,374 MARULA DRIVE
OLIVES PHARMACY,5468 LION DRIVE
OMEGA HEALTH PHARMACY,"38 GLENARA AVENUE SOUTH, EASTLEA"
OUTREACH PHARMACY,"STAND 68, SAKUBVA MUSIKA"
OVERSPILL PHARMACY,"5052H OVERSPILL, EPWORTH"
P.S.P PHARMACY - HARARE,47 G. SILUNDIKA AVENUE
P.S.P PHARMACY - KADOMA,NO 14 COLLING STREET
P.S.P.  PHARMACY  - NORTON,STD 2868 CALFA KATANGA
P.S.P.  PHARMACY - KWEKWE,STAND 46  4TH STREET
P.S.P.  PHARMACY - MASVINGO,188 ROBERTSON ROAD
P.S.P. BINDURA PHARMACY,SHOP 6 NSSA COMPLEX
P.S.P. CHINHOYI PHARMACY,258 COMMERCIAL STREET
P.S.P. CHIREDZI PHARMACY,357 CHILONGA DRIVE
P.S.P. MARONDERA PHARMACY,31 - 4TH STREET
P.S.P. MUTARE PHARMACY,310A VICTORY HSE CNR 1ST/AERODROME ROAD
P.S.P. NKULUMANE PHARMACY,"STAND 7494, BULLET SHPOS, NKULUMANE 2"
P.S.P. PHARMACY,"STD 513 BT, NO 40A, ROBERT MUGABE"
P.S.P. PHARMACY - HILLSIDE,33 CECIL AVENUE
P.S.P. PHARMACY - BAINES AVENUE,"STD NO 1478, 14 BAINES AVENUE"
P.S.P. PHARMACY - CAMEROON,55 CAMEROON STREET
P.S.P. PHARMACY - MAKONI,223 UNIT G. MAKONI SHOPPING CENTRE
P.S.P. PHARMACY - PARKVIEW,56 BAINES AVENUE
P.S.P. PHARMACY GWERU,"62, 6TH STREET"
P.S.P. RUSAPE PHARMACY,42 CHINGAIRA ROAD
P.S.P. STANDISH PHARMACY,86 JOSIAH TONGOGARA STREET
P.S.P. TWIN TOWERS PHARMACY,37A  J. TONGOGARA WAY
P.S.P. VICTORIA FALLS PHARMACY,413 ZAMBEZI HOUSE CLARK ROAD
PASSION PHARMACY,90 SOUTHLEA PARK
PATSOL PHARMACY,J NYERERE/NELSON MANDELA AVE
PHARMACARE PHARMACY,NO 1 BERVICK BLD SELKIRK RD
PHARMACITY PHARMACY,71 HERBERT CHITEPO STREET
PHARMAPRIX PHARMACY,3 MOONLIGHT BUILDING 5TH STR
PHARMAPRIX PHARMACY,34 NELSON MANDELA WAY
PHARMARITE PHARMACY,36 HARARE STREET
PHARMVILLE PHARMACY,30 TONGOGARA STREET
PHARMWORLD PHARMACY,"4096 MACHIPISA S/CENTRE, HIGHFIELD"
PINEWOOD PHARMACY,4169 GLEN VIEW 1 S/CENTRE
PLAZA PHARMACY,"SHOP G1B,CNR MAZOWE/J CHINAMANO"
PLUS TWO EMERGENCY,94B ROBERT G MUGABE WAY
PORTAL PHARMACY,31705 UNIT N
PRICELINE PHARMACY,1270 BAOBAB NORTH EXTENTION
PRIME PHARMACY,33 ROBERT MUGABE WAY
QUALITY PHARMACY,"STD 11300 TICHAGARIKA S/CENT, GLEN VIEW 8"
QV - DAY TILL MIDNIGHT,"ROBINSON HSE, UNION AVE/ANGWA ST"
QV - FIFE STREET BULAWAYO,94 FIFE ST/9TH AVENUE
QV - SELBOURNE,94 HERBERT CHITEPO STREET
QV PHARMACY - BORROWDALE,SHOP 1&2 SAM LEVY VILLAGE B/DALE
QV PHARMACY NEWLANDS,"SHOP 1, MON REPOS, NEWLANDS"
R J PHARMACY,128A FORT ST/12TH AVENUE
RACECOURSE PHARMACY,THE AUCTION B/DALE PK RACE COURSE
RANK PHARMACY,7 RARAMAI STREET MUCHEKE TOWNSHIP
REGAL PHARMACY,"4746 5TH CIRCLE, GLEN VIEW"
REGENT PHARMACY,77 L.TAKAWIRA STREET
RELIANCE PHARMACY,104 LEOPOLD TAKAWIRA STREET
REVELATIONS PHARMACY,116 MBUYA NEHANDA STREET
REVIVAL PHARMACY,694 BUDIRIRO 1 S/CENTRE BUDIRIRO
REVIVAL PHARMACY,1228 LIGHT INDUSTRY
REVIVAL PHARMACY - CHIVI,2205 CHIVI GROWTH POINT
REZENDE PHARMACY,"SHOP 6, JULIUS NYERERE WAY"
RHODESVILLE PHARMACY,SHOP 11 HIGHLANDS GREEN S/CENTRE
ROLF VALLEY PHARMACY,29 FISHER AVE SHOP 1&2 ROLF VALLEY
ROYAL PHARMACY,108 H.CHITEPO/9TH AVENUE
ROYAL PHARMACY,110 FORT STREET/9TH AVENUE
RUSAPE PHARMACY,23 ROBERT MUGABE STREET
RUTENDO COMMUNITY PHARMACY,SHOP 5 NHOKORE ENT RUTENDO T/SHIP
RUWA PHARMACY,"STAND 3788, SHOP 7 CIPF COMPLEX"
T & N PHARMACY,18 HARRIS STREET
THE BEST PHARMACY,SHOP 6 BEVERLEY CRT 100 N MANDELA/S. MAZORODZE
SANCTUARY PHARMACY,"SHOP 3 WINCHEDON S/CENRE, BORROWDALE"
SCRIPT PHARMACY,"27 MBUDZI PEOPLES MKT, WATERFALLS"
SEASONS PHARMACY,SHOP 9 FARMERS MKT OK COMPLEX MBARE
SEASONS PHARMACY - KUWADZANA,8162 KUWADZANA 4 S/CENTRE
SEKE 2 PHARMACY,19785 UNIT L SHOPPING CENTRE
SEKE SOUTH PHARMACY,"32200 UNIT L SHOPPING CENTRE, SEKE"
SERENE PHARMACIES,212 HAUNA GROWTH POINT
SETTLEMENT PHARMACY,"STAND 7110, GLEN NORAH B S/CENTRE"
SHAMROCK PHARMACY,AVONDALE SHOPPING/CENTRE A 15
SHELLEY PHARMACY,"SHOP 2 FAIRWAYS BLD, 2ND STR EXT, BELGRAVIA"
SNAKE PARK HEALTH PHARMACY,SHOP 2 WHITECLIFF BUS CENT. SNAKE PARK
SOUTH BANK PHARMACY,STAND 634 NYAMHUNGA TOWNSHIP
ST MARYS PHARMACY- AVONDALE,5 CAMBITZIS BLD 186 KING GEORGE RD
STANKUSH HEALTH PHARMACY,"49 AFGATE HSE, CNR. G SILUNDIKA AVE & 4TH STREET"
STAR PHARMACY,SHOP 7 FARMERS MARKET MBARE
STRATHAVEN PHARMACY,"SHOP 6, STRATHAVEN S/CENTRE,STRATHAVEN"
STREET PHARMACY,SHOP 22D 6TH AVENUE
SUNNINGDALE 2 PHARMACY,STD 16075 40TH CLOSE SUNNINGDALE 2
SUNRAY PHARMACY,STD 8554 CHITUBU S/C GLEN NORAH A
SUPERMART PHARMACY,90 J.M. NKOMO ST & 9TH AVE
SUPERMED PHARMACY,SHOP2 ZONKIZIZWE COMPLEX BRADFIELD
SUBURBAN PHARMACY,STAND 3489 WARREN PARK 1 S/CENTRE
TANAYA PHARMACY,"SHOP 1, NEWLANDS BLD, ENTERPRISE RD"
TEES PHARMACY,CNR 11TH / FIFE STREET
TEES PHARMACY (ZVISHAVANE),"ACROPOL BUILDING,R MUGABE WAY"
THE BALM OF GILEAD,SHOP 1 MAPURANGA COMPLEX
THE BROOKE CHEMIST,"SHOP 13, BORROWDALE BROOKE S/CENTRE"
THE COUNTRY PHARMACY,45 RUZAWI ROAD
THE MEDICINE CHEST PHARMACY,4 ST ANDREWS ARCADE  CHISIPITE
THE STONES PHARMACY,STAND 2942 OLD HIGHFIELD
THOSHECK PHARMACY,SHOP Y13 SUWOGURU T/SHIP
THOSHECK PHARMACY - MURAMBINDA,STAND NO. 367
TICHAZ PHARMACY,9515 TICHAGARIKA S/CENT. GLENVIEW 3
TOP HEALTH PHARMACY,25352 UPFRONT RD MAVAMBO SHOPS
TRINITY PHARMACY,109 J. CHINAMANO AVENUE
TRINITY PHARMACY,113 MBUYA NEHANDA
TRINITY PHARMACY,3/25   KUGONACHETE S/C HELENSVALE
TROPICAL PHARMACY,21176 (PLOT 1) MUSIKA ST RUJEKO A
TRUSTCARE PHARMACY,SHOP 11 ENTUMBANE COMPLEX
TSHOVANI PHARMACY,"3653 NJONJOLINJO RD,TSHOVANI"
ULTIMATE PHARMACY,7055 GLEN NORAH A CHITUBU S/CENTRE
UNIT H PHARMACY,STD 32457 SHOP 6  UNIT H
VALUE PHARMACY,STAND 223-225 OK SUPERMARKET
VALUE PHARMACY,"30 CHIREMBA ROAD, HILLSIDE"
VALUE PHARMACY - KWEKWE,STAND 2523 OK SUPERMARKET
VETPHARM PHARMACY,NO.1 COVENTRY ROAD
VICTORIA FALLS PHARMACY,3 PHUMULA CENTRE
VILLAGE PHARMACY,3 NEW BLOCK 1 SAM LEVYS VILLAGE
VINE PHARMACY,4388 CHINOTIMBA
VITAL PHARMACY,STAND 2446 SHOP 3 KAMBUZUMA SEC 3
VLERMAG PHARMACY,SHOP 13 HIGHGLEN SHOPPING CENTRE
WALGREEN PHARMACY,"SHOP 3, 37/39 SECOND STREET"
WALVIS WESTLEA PHARMACY,"7103 WESTLEA SHOPS, WESTLEA"
WATERSHED PHARMACY,246 THE GREEN
WELCOME PHARMACY,"SHOP 1, 30-11TH AVE STD 1090"
WELLCARE PHARMACY,2744 CHIEDZA CRESCENT NYAMENI
WEST END PHARMACY,13 BAINES AVENUE
WESTVIEW PHARMACY,STD 8465 MACHIPISA S/C HIGHFIELD
WHITECROSS PHARMACY,"1 BORROWDALE LANE, BORROWDALE"
WHITECROSS PHARMACY,SHOP 13 HARARE INTER. AIRPORT
WI-CARE PHARMACY,"SHOP2 & 3, K&K ARCADE,59 FIFTH STREET"
WILLOWVALE PHARMACY,SHOP 16  HIGHGLEN S/CENTRE
WINDSOR PHARMACY,"3890 SAN SOUCCI RD, OLD WINDSOR"
WORD PHARMACY,SHOP 5B CABS CENTRE J. MOYO AVENUE
YOUR PHARMACY,57 5TH STREET
YOUR PHARMACY - MKHOSANA,5393 MKHOSANA
YSABEL PHARMACY,"STAND 3181, MURAMBINDA GROWTH POINT"
ZOE PHARMACY,"19680 UNIT M, SEKE"
TRUEWAY HEALTH PHARMACY,5621 KUWADZANA 7
OLEIFERA PHARMACY,"66 KILWINNING RD, HATFIELD"
LEES PHARMACY,419 MARLVEN T/SHIP ZINDOGA SHOPS
TRUSTCARE PHARMACY,STD 236 SHOP 12 OLD MUTUAL CENTRE
HEALNEST PHARMACY,STAND 3058  CHERUTOMBO T/SHIP
NORTON PHARMACY,K2014 KATANGA
BANKET MEDICAL PHARMACY,59 LOMAGUNDI ROAD
MEIZON PHARMACY,"SHOP 2, HURUYADZO SHOPS, ST MARYS"
OVAL PHARMACY,K2005 KATANGA T/SHIP KATANGA
NEWDAY PHARMACY,STD NO. 1088 ZIJENA BLD
TOTAL HEALTH PHARMACY,STAND 4137 GOKWE CENTRE
HARARE ONCOLOGY PHARMACY,16 JOSIAH TONGOGARA AVENUE
HEALTH LINK PHARMACY,3101 CHIGOVANYIKA SHOPS
FAMILY HEALTH PHARMACY,STAND 16068 UNIT G SEKE
REVELATIONS PHARMACY - MKOBA 6,"NUMBER 7418, MKOBA 6"
GUTU CENTRAL PHARMACY,"STAND 282, MUPANDAWANA"
ZVISHAVANE PHARMACY,STD NO 21 KATADZA ROAD
EPATON PHARMACY,5158 CORNER SHOP EPWORTH
WHITEHOUSE PHARMACY,"LOT NO 12, SHOP 14 WHITEHOUSE S/CENTRE"
OLIVE BRANCH PHARMACY - HAEMATOLOGY CENTRE,26 BLACKISTON AVENUE
NEW MBIZO PHARMACY,STAND 8481 MBIZO II
M & M FRIENDLY CARE PHARMACY,53 H. CHITEPO BTWN 3RD & 4TH AVE
IMPALI PHARMACY,806 GRANADILA RD JOYNO CENTRE
CHISI PHARMACY,SHOP 3 SUPREME HSE CHISIPITE S/CENTRE
CHIKONOHONO COMMUNITY PHARMACY,SHOP 2 PFUNGWADZAKANAKA SHOP CHIKONOHONO
NEDVEST PHARMACY,2752 TURF
MAKANAKA PHARMACY,22 INC WADZANAI SHOPS
IDEAL PHARMACY,STAND 18805 DAMOFALLS
MED-CHIP PHARMACY (CHINHOYI),7503 MUZIMBA COLD STREAM
NECTACARE PHARMACY,217 HEBERT CHITEPO AVENUE
VALUE PHARMACY (GLEN-VIEW),STAND 12279  GLEN VIEW 8 MAKOMVA
JURU PHARMACY,SHOP 77 KABAMBE S/CENTRE JURU G/POINT
CENTRE FOR DIABETES MANAGEMENT PHARMACY,40278 SIMBARASHE CLOSE BELVEDERE
CIMAS CLINIC - MASVINGO,19 HOFMEYER STREET
RED CROSS PHARMACY,98 CAMERON STREET
CIMAS HEALTH CARE (BULAWAYO),31 A JASON MOYO STREET
CIMAS HEALTH CARE CLINIC,STAND 16097 MAKONI S/CENTRE
CIMAS HEALTHCARE CLINIC,175 CHINHOYI STREET
CIMAS HEALTHCARE CLINIC,111 NKWAME NKRUMAH/FOURTH STR
HARCOMBE A O  & ASSOCIATES,31 RHODESVILLE AVENUE
CIMAS HEALTHCARE CLINIC - HIGHGLEN,"SHOP NUMBER 4 & 5, HIGHGLEN"
CIMAS HEALTHCARE CLINIC (GWERU),1- 6TH STREET
CIMAS HEALTHCARE CLINIC (MUTARE),16-8TH AVENUE
MASHAMBANZOU CARE TRUST,40 SANDOWN ROAD
NEWLANDS CLINIC PHARMACY,"56 ENTERPRISE RD, HIGHLANDS"
ROWLAND SQUARE CLINIC PHARMACY,"13 ROWLAND SQUARE,MILTON PARK"
CIMAS HEALTHCARE CLINIC - MANRESA,1-2 MANRESA ESTATE ACTURUS RD
CENTRAL RESEARCH PHARMACY,10 ROUTLEDGE STREET MILTON PARK
MILTON PARK CLINICAL RESEARCH SITE (CRS),31 LAWSON AVENUE MILTON PARK
IMPAACT PHARMACY,PARIRENYATWA HOSPITAL
SEKE NORTH CLINIC PHARMAC Y,CRS JENJE ROAD
SPILHAUS FAMILY PLANNING PHARMACY,SPILHAUS FAMILY PLANNING CENTRE
ST MARYS CLINIC PHARMACY,CNR INGWE ROAD/CHAMINUKA ROAD
UZCHS-CTU SEKE SOUTH CRS PHARMACY,STAND 19188 UNIT L SEKE
UZCHS-CTU ZENGEZA CRS PHARMACY,"ZENGEZA 3 POLYCLINIC, CHEUKA ST"
AVMED HEALTH PHARMACY,"1085, 7TH STREET"
BEITBRIDGE MEDICAL CENTRE PHARMACY,97 PARK LANE BEITBRIDGE TOWN
BESTZONE PHARMACY,9 NELSON MANDELA AVENUE
BOARDER PHARMACY,63 LIVING WATERS
BOOTIES PHARMACY - EASTGATE,"SHOP 26 EASTGATE MARKET, R. MUGABE RD"
BOOTIES PHARMACY - KWEKWE,16 ROBERT MUGABE WAY
BRADFORD PHARMACY,STAND 4859 104 R. MUGABE RD SILKE HSE
BRADFORD PHARMACY,STD 2277 55 ROBERT  MUGABE WAY
CAREPOINT PHARMACY,STD 487A CNR CHINHOYI ST & R. MUGABE ST
CAREPOINT PHARMACY (J. NYERERE),19 JULIUS NYERERE WAY CBD
CAREWELL PHARMACY,"1537, 146 MBUYA NEHANDA STREET"
CHANNEL PHARMACY,400 R. MUGABE WAY
CHARGE OFFICE PHARMACY,3 SOUTH AVE OLD CUSTOMS BLD
CHARTERBRIDGE PHARMACY,SHOP 6 STD 5048 37-39 R. MUGABE MTALI T/SHIP
CHINHOYI STREET PHARMACY,151 CHINHOYI STREET
CHIPINGE MEDICAL CENTRE PHARMACY,G2 NSSA COMPLEX
CIMAS HEALTHCARE PHARMACY,1 - 6TH STREET- GWERU PHARMACY
CLEANWORLD PHARMACY,9 NYABADZA AVENUE
COOLMED PHARMACY,SHOP 2 SMART CORNER R. MUGABE WAY
CORPORATE 24 PHARMACY,89 PARHAM HSE  J. TONGOGARA 8TH & 9TH AVE
CROSSROADS PHARMACY,"MZENZI COMPLEX, CROSSROADS BUSINESS CENTRE"
DG PHARMACY,SHOP 1 GROUND FLOOR OLD BLD 2ND ST
DG-GLOBAL PHARMACY,53 J. NKOMO ST & 4TH AVENUE
DIAMOND PHARMACY - ANGWA,5 FEDORA HOUSE CNR ANGWA ST/JASON MOYO AVE
DIAMOND PHARMACY - FOURTH AVENUE,NO. 53
DIAMOND PHARMACY - REZENDE STREET,"SHOP 2 TRAVLOS HSE, 32 J. MOYO/REZENDE STR"
EMERGENCY PHARMACY,88 R. MUGABE WAY
EVOLUTION PHARMACY,3192 BATA BLD HERBERT CHITEPO
FAMILY PHARMACY,STAND 257 HOFMEYER ST
GOOD SHEPHERD CHINHOYI,260 COMMERCIAL STREET
GREENCROSS PHARMACY,34 SAMORA MACHEL BOKA ISLIP HSE
GUARDIAN PHARMACY,NO. 65  REZENDE STREET
GUARDIAN PHARMACY,60 G SILUNDIKA AVENUE
HEALTHLINK PHARMACY,157 CHINHOYI STREET
HEALTHLINK PHARMACY,NO. 28
HP PHARMACY,SHOP 6 2645 MAIN STREET
INTRAMED PHARMACY,STAND 106 MAIN STREET
JOY PHARMACY,54 JASON MOYO & CNR 4TH AVE
KUDZANAI PHARMACY,SHOP 68 THIRD STREET
LIFECARE PHARMACY,12 ROBERT MUGABE STREET
LIME 6TH AVENUE PHARMACY,33 6TH AVENUE JAMESON BLD
MADEIRA PHARMACY,602/3 TURNER ROAD
MAMBOMED PHARMACY,ROOM 14 71 CONTINENTAL PLAZA 6TH ST
MED-CHIP PHARMACY,247 THE GREEN OAK ST
MEDCREST PHARMACY,5492 TURF TOWNSHIP
MEDIPLUS PHARMACY,5 HERBERT CHITEPO AVENUE
MEDIPLUS PHARMACY,SHOP 2 ALPINE HOUSE THE GREEN
MEDLINK 24 PHARMACY,7828/29 SOUTHLEA PARK
NECTACARE PHARMACY,"NO. 85, HERBERT CHITEPO STREET"
NEW HORIZON PHARMACY CITY - MASVINGO,303 HUGHES STREET
NEW MVURWI PHARMACY,1052 CLAYTON COMPLEX
ONE STOP PHARMACY,SHOP 6 LAPF CENTRE CNR J. MOYO & CHINHOYI ST
PATHWAY PHARMACY,STAND 43 MAIN STREET
PHARMACY FOR YOU,39 CENTRAL AVENUE
PINEAL PHARMACY,"SHOP 344, 188 ROSEWAY STREET"
PROMED PHARMACY,27 CHATHAM ROAD
REALM PHARMACY,19 ROBERT MUGABE WAY
THE CENTRE PHARMACY,60 LIVINGSTONE AVENUE
TOPCARE PHARMACY,SHOP 28 EASTGATE MARKET CBD
TRINITY PHARMACY,549 SHOP 83 R. MUGABE WAY
TRINITY PHARMACY - KARIGAMOMBE,"SHOP 2 KARIGAMOMBE ARCADE, 53 S.MACHEL AVENUE"
TRINITY PHARMACY - VICTORIA FALLS,SHOP 22 SAWANGA MALL. STD 1865A CHINOTIMBA
TRUSTCARE PHARMACY,SHOP 33 NKULUMANE S/CENTRE COMPLEX
UNICARE PHARMACY,"90 HARARE STREET, SHOP 1"
VITASOURCE PHARMACY,"SHOP 1 VANDOROS BLD, FOURTH/OAK STREETS"
VIVAT HEALTH PHARMACY,"STD 822, 76 G. SILUNDIKA AVE"
VIVAT HEALTH PHARMACY,22 6TH STREET
VLERMAG PHARMACY - EASTGATE,SHOP 18 EASTGATE MARKET
WIN PHARMACY,"SHOP 7 BESTY GORDON BLD, 69 R. MUGABE WAY"
HOPE PHARMACY,NO. 14 8TH AVE FIFE ST
NEW MIDLANDS PHARMACY,"3 BAHADUR CENTRE, MAIN STREET"
PLUTO PHARMACY,1 ENGINEERING HSE 88 REZENDE STREET
TRINITY PHARMACY,STD 245 SHOP 5 CNR J. MOYO/10TH AVE
CIMAS HEALTHCARE PHARMACY - KWEKWE,"NUMBER 12A AND B, SECOND AVENUE"
GREY PHARMACY,"SHOP 6 VAUDEVILLE BLD, 70A H. CHITEPO"
BESTZONE PHARMACY,52 ROBERT. MUGABE  ROAD
PLUTO PHARMACY,95 GEORGE SILUNDIKA AVENUE
ALLDAYS PHARMACY,NO. 14099  JM NKOMO/10TH AVE
BOOTIES PHARMACY,3 ANCHOR HOUSE 54 JASON MOYO AVENUE
ILS24 PHARMACY,58 N. MANDELA AVENUE
GWERUS ELITE PHARMACY,SHOP 9 MOTHERLAND PLAZA 8TH STREET
MINICARE PHARMACY,"SHOP 2 LUXOR HSE, ALONG 9TH AVE & FIFE ST"
WHITCHEM PHARMACY,3 SOUTH AVENUE CUSTOMS HSE CHARGE OFFICE
FLEVIC PHARMACY,89 K. NKRUMAH AVENUE
WELLNESS PHARMACY,216/17 L. TAKAWIRA STREET
PHARMAWELL PHARMACY,"NUMBER 9, THURLOWS AVENUE"
DIAMOND PHARMACY - ANGWA,5 FEDORA HOUSE/J.MOYO AVENUE
THE CENTURION PHARMACY,"DATHEE BLD, 68 7TH STREET"
GREENWOOD PHARMACY,SHOP NO. 7 FMC R. MUGABE WAY
AMBIKA PHARMACY,33 ROBSON  MANYIKA AVENUE
CLIQUE PHARMACY,18 AERODROME RD
TOWERS NEST PHARMACY,SHOP 2 ZB LIFE TOWERS 77 J. MOYO AVE HRE
WELCOME - CENTRAL PHARMACY,SHOP NO. 2C
MEDBRANDS PHARMACY,"SHOP 1 SAU PAULO BLD, 158 KWAME NKURUMAH"
REVELATIONS PHARMACY - GWERU,35 ROBERT MUGABE WAY
DELYN PHARMACY,SHOP SHOP 40 MAIN STREET
PHAKAMA PHARMACY,1190 PHAKAMA
HEALTHRITE PHARMACY,31 ROBERT MUGABE STREET
GOODHOPE PHARMACY,23 JASON MOYO AVENUE
GRANDPAK PHARMACY,"1 JASON MOYO AVE, KOPJE PLAZA BLD"
BORROWDALE PARK VET HOSPITAL,"BORROWDALE RACE COURSE, BORROWDALE RD"
CHISIPITE VETERINARY SURGERY,303 HARARE DRIVE
HIGHLANDS VETERINARY SURGERY,4 AINTREE ROAD
ROBERTS AND STEVENAGE (DRS),136 J. TONGOGARA STREET
AVONDALE VETERINARY SURGERY,CNR K.GEORGE /KENNY RD
GREENCROFT VETERINARY SURGERY,SHOP 4 GREENCROFT S/CENTRE
MARONDERA VETERINARY SURGERY,59 DETROIT CRESCENT
ROHDE VETERINARY SURGERY,"29 OLD GWANDA RD, HILLSIDE"
AGRICULTURE ZONE,SHOP 60 PIONEER RD VILLAGE 1
AGRICURA - BINDURA,49 R.G. MUGABE STREET
AGRICURA - GWERU,50 R.G. MUGABE WAY
AGRICURA - MARONDERA,SHOP 4 CNR OAK AND PINE STREET CBD
AGRICURA - MHANGURA,AGRICURA MHANGURA B/CENTRE
AGRICURA - SOUTHERTON,4814A HARARE 62 BIRMINGHAM RD SOUTHERTON
AGRIWORLD FARM SUPPLIERS,37 NELSON MANDELA WAY
AGROTREAT INVESTMENTS,558 4TH STREET
AGROVERTN,STAND 214
AGROVET AGRICULTURE,"104 JASON MOYO ZIMNAT HSE, SHOP 3"
AGROVET AGRICULTURE,32 SOUTH AVENUE
AGROVET AGRICULTURE,NO. 1 FOURTH STREET
AGROVET AGRICULTURE,67 R. MUGABE & ANGWA STREET
BOUTROS HARDWARE,STAND 287
CHITUNGWIZA POULTRY CENTRE,20545 UNIT G SEKE
CHITUNGWIZA POULTRY CENTRE,5821 ST MARYS
CHOCLID ENTERPRISES,17A CAMEROON STREET
CLIVGRA,1991/81 CHINHOYI ST/BUTE ST
DANVITA INVESTMENTS,81 CHINHOYI STREET
DEPOPI ENTERPRISES PVT LTD,DS 1 & 2 SUNSHINE BAZAAR COMPLEX S. MAZORODZE ROAD
EXPERT CHOICE AGROCHEMICALS,SUITE 18 GT BAIN CENTRE 55 KING GEORGE AVONDALE
FARM & CITY - CHIREDZI,76 KNOBTORN ROAD
FARM & CITY - KADOMA,464-11 CHIMOYO ROAD
FARM & CITY - MARONDERA,2704 PINE STREET
FARM & CITY - POMONA,3495 POMONA TOWNSHIP
FARM & CITY CENTRE - MUREHWA,STAND 564 D KARIMANZIRA STREET
FARM DISTRIBUTORS,383 CHINZANGA
FARMBIZ - BULAWAYO,STD 245 BT SELOUS BLD CNR J. MOYO & 10TH STREET
FARMBIZ - GWERU,"66, 2ND STREET"
FARMBIZ - HARARE,139 AMTEC COMPLEX CRN R. MUGABE/5TH STREET
FARMBIZ - MACHEKE,STAND 1 LOOP ROAD
FARMERS CORNER,"139A, 58 MBUYA NEHANDA STREET"
FARMERS ONE STOP MART,SHOP 1 48 KENNETH KAUNDA AVE
FEEDRITE ANIMAL NUTRITION,12 NSSA COMPLEX
FEEDRITE ANIMAL NUTRITION,50 MTHWAKAZI TOWNSHIP
FEEDRITE ANIMAL NUTRITION,326 CHAMINUKA STREET
FEEDRITE ANIMAL NUTRITON,223 MATAGA GROWTH POINT
FEPI-VITA SUPER FEEDS,"649,  52 KENNETH KAUNDA STREET"
FIVET ANIMAL HEALTH - CHINHOYI,NUMBER 21 COMMERCIAL ST
FREDFA MILLING COMPANY,1ST AVENUE/CAPE STREET
GAIN CASH & CARRY - HARARE CBD,133 SOUTH AVE /SECOND STREET
GM HARDWARE,MAPEREKE BUILDING
HALSTED BUILDERS EXPRESS - HARARE,"3985 WORKINGTON, 1 DOUGLAS RD, WORKINGTON"
HARDWARE-AGRO-VETERINARY,50 HERBERT CHITEPO
HOTFEALD INVESTMENTS,15 FIRST STREET
M.W. MAPANI HARDWARE,319 NYAMHUKA ONE T/SHIP
MAGMA FEEDS,STAND 29886 UNIT G MAKONI
MARSCON,3452 SPITSKOP NORTH EXTENSION
MASVINGO  HARDWARE - J. TONGOGARA  ST.,430 B.J. TONGOGARA ST
MASVINGO FARMERS INN,469 HEBERT CHITEPO
MEET ENDS,SHOP 5 MTORA BUS
MELOSH FEEDS,"STAND 8809, ST MARYS,"
MELOSHMIC FEEDS,"70A KING STREET,"
MHERE INVESTMENTS,STAND 760 GURUVE GROWTH POINT
MINI HARDWARE,40 UNION STREET
MUDAVANHU ENTERPRISES,16A MUKWATI STREET
MUDIMBA HEALTH CORNER,"113, IMMIGRATION HOUSES, BINGA"
NATIONAL TESTED SEEDS - BINDURA,61 R.G. MUGABE WAY
NATIONAL TESTED SEEDS - DOTITO,DOTITO BUSS CENTRE
NATIONAL TESTED SEEDS - MBARE 2,STD NO 11 11984 MBARE MUSIKA MBARE
NATIONAL TESTED SEEDS - MT DARWIN,MT DARWIN URBAN
NATIONAL TESTED SEEDS - MUREHWA,STAND 279
NATIONAL TESTED SEEDS - SPEKE AVENUE,94 SPEKE AVENUE
OSIP CENTRE,11A  H. CHITEPO
PROFARMER HUB - CENTENARY,STAND 145 PAWMAL BLD
PROFARMER HUB - GOKWE,13 MATETA ROAD
PROFEEDS - GOVANS,STAND NO 525 CORNMARKET
PROFEEDS - MARONDERA,STAND NO 31  4TH STREET
PROFEEDS - WILLOWVALE,"82 WOOLWICH RD, WILLOWVALE"
PROFEEDS-CHIVI,STAND NO. 2233 CHIVI GROWTH POINT
PROFEEDS-DOMBOSHAVA,STD 48 CHIRODZERO T/SHIP
PROFEEDS-NZVIMBO,STAND NO. 155 NZVIMBO GROWTH POINT
PRO-PET,167 ENTERPRISE ROAD
PURE HARDWARE & ELECTRICAL,33 TARIRO T/SHIP SHOP 3
SEASON GRAINS,NO 1 FOURTH ST & MANYIKA ST
SPANSWICK INVESTMENTS,SHOP NO 2 2ND STREET
TINENYASHA AGROCHEMICALS,NEMBUDZIYA B/CENTRE CHIRIGO COMPLEX SHOP 2 GOKWE NORTH
TRENDSETTER INVESTMENTS,STD NO  239 MUREHWA GROWTH POINT
TRUST-VET AGROCHEMICALS,33 TARIRO T/SHIP WATERFALLS
VETERINARY PRODUCT SHOP,NO 291 MUREHWA G/POINT
VETFARM SUPPLIERS,SAKUBVA BEER HALL CORNER SHOP
VETFARM SUPPLIES,20 ROBERT MUGABE STREET
VETPHARM SUPPLIES,SAKUBVA BEER HALL COMPLEX CORNER SHOP
VET-SHOP AGRICULTURE,"57A  DON ROTTERY BUILDING, THE GREEN,"
WHITE MART,32 2ND & SOUTH AVENUE
WINDMILL - BULAWAYO,NO 2 JOSIAH CHINAMANO STREET
WINDMILL - CHINHOYI,"STAND 146, COMMERCIAL STREET"
WINDMILL - GURUVE,NO 67 & 68 DENDERE BUILDING
AGRICURA,58 HARARE STREET
AGRICURA,STAND 2580 J. TONGOGARA
AGRICURA  - BULAWAYO,60 G.SILUNDIKA STREET
FARM & CITY,29 J. TONGOGARA AVE
FARM & CITY - ZVISHAVANE,STAND NO 9 R.G. MUGABE WAY
PROFEEDS,STAND 2236 CHIVI GROWTH POINT
PROFEEDS - GURUVE,STD 46 GURUVE CENTRE
PROFEEDS - MT DARWIN,15 MAIN STREEET
PROFEEDS - RUSAPE,31 TONGOGARA ST
SAVE AGRO CHEMICALS,6A CAMERON STREET
NATIONAL TESTED SEEDS- GOKWE,STD 1028 MACHOKOTO BLD
GM HARDWARE,SHOP NO 12 KOTWA GROWTH POINT
ADD IN ENTERPRISES,STAND NO 101/104
BORDER VETERINARY CENTRE,63 LIVING WATERS COMPLEX
FARMERS INN HARDWARE,NO 6A CAMERON STREET
TEDWAY HARDWARE,STAND 29886 UNIT G MAKONI
MFS- MUTARE,20 GLASGOW ROAD
PROFARMER EXPRESS - NORTON KATANGA,21819 DURAWALL KATANGA
PROFEEDS - GOKWE,13 MATETA ROAD
PROFEEDS - MUTOKO,STAND 379 OLIVER NEWTOWN ST
PROFEEDS - EXHIBITION PARK,28 1ST AVENUE EXHIBITION PARK
PROFEEDS - RUWA,192 CHIHOMBE ROAD
PROFEEDS MVURWI,STAND 62/63 MVURWI T/SHIP
NATIONAL TESTED SEEDS - RUSAPE,STAND 7 CHIMURENGA STREET
PROFEEDS - CHEGUTU,45A STATION STREET
INOVET,STD 179-181 MUNHONDO ROAD
WINDMILL,1 ROBERT MUGABE WAY
COOPER ZIMBABWE (1992),29 ANTONY AVENUE MSASA
COOPERS ZIMBABWE (1992),"10 FALCON STREET, BELMONT"
FARM & CITY - MUREHWA,STAND 243
NATIONAL TESTED SEEDS - CHINHOYI,STAND 29 MAGAMBA WAY
CAPITAL FOODS- SOUTHERTON,43 HIGHFILED RD. SOUTHERTON
CAPITAL FOODS- GWERU,SHOP N0 2-61 3RD STREET
CAPITAL FOODS-ZVISHAVANE,STAND 5090 MANDAVA
CAPITAL FOODS - BORROWDALE,139 DOMBOSHAVA ROAD BORROWDALE
FIVET ANIMAL HEALTH - MASVINGO,STAND 22 BRADBURN STREET
VETERINARY DISTRIBUTORS,30B BRADBURN STREET
NATIONAL TESTED SEEDS - KWEKWE,3 VENTURAS BLD OFF R. MUGABE
ANESU HARDWARE - SANYATI,55 MAHARI COMPLEX
WINDMILL,NO. 65 ALEXANDER AVENUE
WINDMILL,LOT 3A OF YORK RUWA S/MARKET
HAMISH CAMERON,5 HOOD ROAD SOUTHERTON
RANCHLATE AGRICULTURAL SUPPLIERS,SHOP  S10 SOUTHMALL  WESTGATE
FARM & CITY - MARONDERA,5 BIRMINGHAM ROAD
VETERINARY DISTRIBUTORS,344 B.T. NO 99 JASON MOYO AVE
FARM & CITY - KAROI,9/14 FREDDY JAMESON AVENUE
VETERINARY DISTRIBUTORS,STD 247
NATIONAL TESTED SEEDS - KAROI,"STAND 248, FRED JAMESON"
AGRICURA,STAND 14 PARK STREET
WINDMILL,2B MAIN ROAD
VETERINARY DISTRIBUTORS,80 KENNETH KAUNDA AVE
MFS NYIKA,STAND 704
BASSEIN TRADING,BOKA TOBACCO FLOOR
PROFARMER HUB - WEDZA,STAND NO 105
VETERINARY DISTRIBUTORS,STAND 11 143 MAGAMBA WAY
FIVET ANIMAL HEALTH,41 MAIN STREET
NATIONAL TESTED SEEDS,36 BIRMINGHAM ROAD
NATIONAL TESTED SEEDS - KADOMA,28A H. CHITEPO STREET
NATIONAL TESTED SEEDS - MBARE,24  OK COMPLEX MBARE
FARM & CITY - NYANGA,STAND 120 ROCHDALE
FARM & CITY - MASVINGO,STD 94&95 L. TAKAWIRA AVENUE
MFS FARMING,"NO. 59, 2ND STREET"
MFS MPANDAWANA,NO. 388 MPANDAWANA TOWNSHIP
MFS NGUNDU,13 NGUNDU RURAL S/CENTRE
MFS JERERA,151/2 JERERA GROWTH POINT
AGRICURA -CHIPINGE,STAND 326B
NATIONAL TESTED SEEDS - MUTARE,9 FIRST STREET
NATIONAL TESTED SEEDS - MVURWI,FARMERS COMPLEX
VETERINARY DISTRIBUTORS,STAND 4906A CAMEROON STREET
MILBORROW ANIMAL HEALTH,33 CRASTER ROAD SOUTHERTON
NATIONAL TESTED SEEDS - HARARE,"750 LORRAINE DRIVE, BLUFFHILL"
FARM & CITY  - MHANGURA,STAND 521 LIONS DEN ROAD
FARM & CITY - GOKWE,STAND 11 MATETA
FARM & CITY - HAUNA,HAUNA GROWTH POINT
FARM & CITY - MVURWI,CATHAM RD & FERGUSON RD
NATIONAL TESTED SEEDS - BULAWAYO,62 G. SILUNDIKA STREET
WINDMILL,STAND 81 MAUNGWE STREET
WINDMILL,86 KANYUCHI BUILDING
TAPFUMA HARDWARE,74 KING STREET
NATIONAL TESTED SEEDS - GURUVE,"GURUVE FARM SHOP, GURUVE CENTRE"
FARMWARE HOLDINGS,355 CHILONGA DRIVE
PROFEEDS,20 HERBRT CHITEPO STREET
VETERINARY DISTRIBUTORS,80B KENNETH KAUNDA AVENUE
VETERINARY DISTRIBUTORS,18 THURLOWS AVENUE
PROFEEDS - VICTORIA FALLS,445 MILES ROAD
PROFEEDS - GLENDALE,LOT 2 FARM 4 MAIN SQUARE
PROFEEDS - GUTU,MAWERE BLD MUPANDAWANDA B/C
PROFEEDS - GWANDA,"STD 279, 5TH AVENUE KHARTUM"
PROFEEDS - MURAMBINDA,STAND 3820
PROFEEDS - PLUMTREE,STAND 223 SHOP 2 CABS BLD
VETERINARY DISTRIBUTORS,SHOP 9 WESTGATE
VETERINARY DISTRIBUTORS,41 LOBENGULA AVE
FARM & CITY CENTRE,4TH STREET
CHITUNGWIZA POULTRY  CENTRE,29886 UNIT G MAKONI SHOPS
APRNINE ELECTRICAL & HARDWARE,"694, NO. 3 SECOND STREET"
ONEWAY HARDWARE,STAND 93 HAUNA GROWTH POINT
FARM & CITY - GWERU,57 6TH STREET
FARM & CITY - RUSAPE,STAND 10 R.  MUGABE
APRNINE ELECTRICAL & HARDWARE,"2029, 44 CAMEROON STREET"
NATIONAL TESTED SEED - CHIVHU,539 TERREBLANCHE STREET
CAPITAL FOODS - KWEKWE,7614 SHOP 2 ROCKODOX COMPLEX
PROFEEDS - MASVINGO,18A  BRADBURN STREET
FARM & CITY - CHINHOYI,38B MAGAMBA WAY
LIVICLAMA INVESTMENTS,7 MSASA COURT
FARMWORLD,123 MBUYA NEHANDA ROAD
LOWN CRAFT ENTERPRISES,STAND 63 SHOP 2 MAGAMBA WAY
PROFARMER HUB - BANKET,STAND 9 STATION AVENUE
PROFEEDS - BINDURA,129 ATHERSTONE ROAD
PROFEEDS - MABELREIGN,"398 STORTFORD PARADE, MABELREIGN"
PROFEEDS CHIVHU,393 YORK STREET
FARM & CITY - MT DARWIN,STAND 17B  PFURA T/SHIP
FARM & CITY CENTRE - HARDWARE,1 WYNNE STREET
ANESU HARDWARE,77 GURUVE SHOPS
NATIONAL TESTED SEEDS,35 CAMERON STREET
FARM AND CITY CENTRE,SHOP 18 OK PLAZA MBARE
FARM AND CITY CENTRE,CNR 10TH / JASON MOYO STREET
NATIONAL TESTED SEEDS,121 KING STREET
NATIONAL TESTED SEEDS,69 SIXTH STREET
NATIONAL TESTED SEEDS,229/230 GALLOWAY ROAD
PROFEEDS - KADOMA,32  R. MUGABE STREET
MFS BIRCHENOUGH BRIDGE,"STAND. 201, BIRCHENOUGH BRIDGE"
CHARLES STEWARTS DAY OLD CHICKS P/L,STAND 646 STATION STREET
WINDMILL,STAND 290
FARM & CITY,STAND 708 3RD STREET
PROFFEEDS - KAROI,315 INDUSTRIAL CLOSE
PROFEEDS -  ZVISHAVANE,STAND NO 744 GWERU ROAD
FARM & CITY - BANKET,"STD 3, WILMAR PARK"
FARM & CITY - BINDURA,111 THURLOWS AVE
FARM & CITY - CHIPINGE,CRN 7TH/JOUBERT STREET
VETERINARY DISTRIBUTORS - CHIPINGE,285 7TH AVENUE
FARM & CITY - GURUVE,STAND 56 SHAMWARI STORE
FARM & CITY - GLENDALE,STAND 4 1 MAIN SQUARE
FARM & CITY - KWEKWE,3 WILCANIA STREET
ZFC LIMITED,35 COVENTRY ROAD WORKINGTON
THE VET-CHEM,STD 978 B.T. 3RD AVE H.CHITEPO
FARM & CITY - BULAWAYO,99 LOBENGULA ROAD
NATIONAL VET AND FARM SUPPLIES,123 A MAIN STREET /13TH AVENUE
PROFEEDS - KWEKWE,NO 7 NYAMUNDA BUILDING
PROFEEDS - GWERU,STAND NO. 6 FIRST ST STREET
PROFEEDS - MUREHWA,STAND 250 MUREHWA CENTRE
FARM & CITY - MUTARE,5 E. AVENUE
FARM & CITY - KWEKWE,8 R.G. MUGABE
FARM & CITY - SAKUBVA,SHOP 5 SAKUBVA S/CENTRE
FARM & CITY - MUTOKO,91-92 CHIZANGA T/SHIP
VETERINARY DISTRIBUTORS - MUTARE,60 (A) SECOND STREET
FIVET ANIMAL HEALTH,36B  KELVIN NORTH GRANITESIDE
FIVET ANIMAL HEALTH,2 TELFORD RD 4505 GRANITESIDE
FARM & CITY - BOKA,STD 2864 INKUBUSI OF HOPELY
PROFEEDS - CHINHOYI,STD 256 COMMERCIAL ST
PROFEEDS - BULAWAYO,STD 97IBT 62 H. CHITEPO
NHIRE HARDWARE,STAND NUMBER 256
FIVET ANIMAL HEALTH,CHAITONGA INVEST. 23 ZIMBIRU T/SHIP
FRONT-LINE FARMING,17 11TH AVENUE
CAPITAL FOODS,STD 5090 MANDAVA ZVISHAVANE
PROFEEDS-NORTON,525 A CORNMARKET
PROFEEDS - HARARE,153 R. MUGABE ROAD
NATIONAL TESTED SEEDS- MASVINGO,"STD 404 R. MUGABE, SHOP 3"
VETFARM SUPPLIES,42/44 SECOND STREET
NATIONAL TESTED SEEDS - KENNETH KAUNDA,75 KENNETH KAUNDA AVENUE
MFS - HAUNA,HAUNA GROWTH POINT
NATIONAL TESTED SEEDS - MARONDERA,31 4TH STREET
NATIONAL TESTED SEEDS - GLENDALE,SHOP 2 GLENDALE VALLEY
VETERINARY DISTRIBUTORS - BULAWAYO,"STD 1118 BT NO 64 FORT STREET, 4TH/5TH AVENUES"
ACUMEN BRAINY PHARMACEUTICALS,8633/224 WESTERN TRIANGLE
ADEPT PHARMACEUTICALS,17702 SUITE 8 CASPI HSE BLOCK B
ASCA HEALTH CARE,"UNIT 1, FINANCE HOUSE 60 SPEKE AVENUE"
BUDGET PHARMACEUTICALS DISTRIBUTORS,179 LORELEY CRESCENT UNIT 7 MSASA
CHASDIEL INVESTMENTS,"14 NUGGET RD, WESTONDALE"
CHRYSTUS CANMORE PHARMACEUTICALS,28 PARK STREET
ELESAN PHARMACEUTICALS,"18572 OFF MOTHER PATRICK AVE, ROTTEN ROW"
FIVET ANIMAL HEALTH,164 A. KAUNDA/R. MANYIKA  AVENUE
HEALTHYARD ENTERPRISE,"2 S. MAZORODZE RD, SOUTHERTON"
INTERTRADE PHARMACEUTICALS,1097 CORN MARKET CRESCENT
LABMED TRADING,"192 CHIMOMBE ROAD,"
LEMEX PHARMACEUTICALS,"33 CRASTER ROAD, SOUTHERTON"
MANAT PHARMACEUTICALS,"4045 JABAVU DRIVE MACHIPISA, HIGHFIELD"
MEGACURE,1576 ORME ROAD UNIT 26 ARDBENNIE
PARKSMED PHARMACEUTICALS,1642 WESTGATE SHOPPING COMPLEX CENTRE
PHARMACURE DISTRIBUTORS,19 KENMARK CRESCENT BLUFFHILL INDUSTRIAL PARK
PRIDAV PHARMACEUTICALS,5983 NYAKAMETE INDURSTRIAL AREA
PURPLE LILAC HEALTHCARE,UNIT 25 KENMARK CRESCENT BLUFFHILL
RIDZ PHARMA,"PLOT 911, SANDTON"
SEASONS PHARMACEUTICALS,12896 MADOKERO ESTATE
SMARTWAYS PHARMACEUTICALS DISTRIBUTORS,SHOP 28 HIGHGLEN S/CENTRE
SOLIDARITY PHARMA,"BAY 11 HATFIELD DIAS & ISAFIL COMPLEX, 667 SEKE  RD"
VIKINGS PHARMACEUTICALS,"38A, PROSPECT"
WINTERS PHARMACEUTICALS,"13 PLUMTREE RD, BELMONT"
DATLABS,45 FALCON STREET BELMONT
FARRAGO TRADING,21A-15TH AVE BTWEN FIFE ST /G. SILUNDIKA ST
NATIONAL PHARMACEUTICAL CO. GWERU,GWERU HOSPITAL COMPLEX
PULSE PHARMACEUTICALS,15 BORGWARD ROAD
SOUTHERN PHARMACEUTICALS,SHOP NO 6 INDUSTRIA ROAD
MURITY PHARMACEUTICAL,"UNIT 28, 15 PUTT DUN CLOSE/ORME RD, NEW ARDBENNIE"
GLOPHARM,"79 BELVEDERE RD, OFFICE 7, KOPJE PAVILLION BLD"
MEDSURE PHARMACEUTICALS,90 LYTTON ROAD
PHARMACURE DISTRIBUTORS,26 KENMARK CRESCENT BLUFFHILL
BESTPHARM PHARMACEUTICALS,387 WILLOWVALE RD WILLOWVALE
SACRED HEART PHARMACEUTICALS,17001 SANDE CRESCENT  GRANITESIDE
ZIMVET,"DERBYSHIRE FARM, HUXTON ROAD"
MULLER & PHIPPS,93 HIGHFIELD ROAD
FIVET ANIMAL HEALTH,"2 TELFORD RD, GRANITESIDE"
MEDI-VET,LOT 7 OF SUBIVISION B OF CROMLET
BIOPHARM,43 HIGHFIELD ROAD
ZORWAY INTERNATIONAL P/L,"15 AUSTIN RD, WORKINGTON"
GREENWOOD WHOLESALERS,58-60 CRASTER ROAD
VARICHEM PHARMACEUTICALS-WILLOWVALE,215 WILLOWVALE RD
SKY PHARMACEUTICALS,CNR NOTTINGHAM/DARWIN ROADS
NATIONAL PHARMACEUTICAL CO.,MASVINGO HOSPITAL COMPLEX
NATIONAL PHARMACEUTICAL COMPANY,MUTARE HOSPITAL COMPLEX
PHARMACEUTICAL & CHEMICAL DIST. P/L,33 WATTS STREET
NATIONAL PHARMACEUTICAL COMPANY,"14 LOBENGULA RD, SOUTHERTON"
NATIONAL PHARMACEUTICAL COMPANY,5 EMPRESS STREET
PLUS FIVE HEALTHCARE SERVICES,"NO 2 BROODIE ST/MANCHESTER RD, SOUTHERTON"
NATIONAL PHARMACEUTICAL COMPANY,CHINHOYI HOSPITAL COMPLEX
RATIONAL SCIENTIFIC,"SUITE 17, PRINCE PARK MANSIONS"
HEALTHPHARM,51 CENTRAL AVENUE
TRACKFORD PHARMACEUTICALS,80 LYTON ROAD
WMT PHARMACEUTICALS,59A STEVEN ROAD  BAY NO. 5 MSASA
NEW AVAKASH INTERNATIONAL,"12 WILLIAMS WAY, MSASA"
JUST PHARMACEUTICALS,29 GEORGE SILUNDIKA /1ST AVENUE
INDUSTRIAL CHEMICAL IMPORTERS,UNIT 16 KENMARK CRESCENT
COOPER ZIMBABWE,29 ANTONY DRIVE MSASA
VAITIVE TRADING,"34 HILLSIDE RD EXTENSION, MUKUVISI"
ACTION 24 MEDICAL SUPPLIERS,26 SIMON MAZORODZE ROAD
JOGMART PHARMACEUTICALS,20-22 GLASGOW ROAD
NEOMED PHARMACEUTICALS,129A  G. SILUNDIKA AVE. BTWN 13TH & 14TH AVE
GRANITESIDE CHEMICALS,"26 CRIPPS ROAD, GRANITESIDE"
VETERINARY DISTRIBUTORS,80 KENNETH KAUNDA AVENUE
VARYSPRINGS TRADING,"5989, 224TH STREET"
B. BRAUN ZIMBABWE,"32 M & N KENMARK CRESCENT, BLUFFHILL PARK"
ACCESS PHARMACEUTICAL,3 STOURBRIDGE RD DONNINGTON
SUPREME MEDICAL SUPPLIERS,UNIT 3 HARROW BUSINESS PARK
PHARMLIFE DISTRIBUTORS,10A SPURRIER ROAD
BALOON FLIGHT PHARMACEUTICALS,88B CAMPION STREET
SAGMED PHARMACEUTICALS,2 ND FLOOR SUITE 11  CASPI HOUSE
PHARMACEUTICAL & CHEMICAL DISTRS.,"23 BLACKROCK RD, WESTONDALE"
CHROMTEK MEDICALS,2190 CHARTER / ZUMBO ROAD
NORVERT PHARMACEUTICALS,7 KERMODE ROAD
VITAL MEDICALS,NO 8 SUNNINGHILL BLD
DMD HEALTHCARE,"249 WILLIAMS WAY,"
DATLABS,111 KELVIN ROAD SOUTH
MILBORROW ANIMAL HEALTH,33 CRASTER ROAD
CRITI-CARE HEALTH SUPPLIERS,"UNIT 8, 266 EMPOWERMENT WAY"
FLANCON  INVESTMENTS,4990 CRN PAISLEY & LYTON ROADS
MEDIRITE HEALTHCARE,"BAY 3, 32 SHEPPERTON RD"
HEALTH SHIELD DISTRIBUTION,"79 BISHOP GAUL, MILTON PARK"
KDB HEALTHCARE,53 COVENTRY ROAD
ARAVAS PHARMACEUTICALS,4471 PROSPECT IND. AREA
AVAILPHARM,"697 CRAIG ALLEN RD, ARDBENNIE"
RUSMED SUPPLIERS,4990 CNR PAISEY & LYTTON ROAD
MOREWELL HEALTH CARE,152 GALLOWAY ROAD
STM PHARMACEUTICALS,137 HERBERT CHITEPO STREET
GREENWOOD WHOLESALERS,SHOP 3 VENTURE HSE G. SILUNDIKA ST
KIMBER AGENCIES,23 ROBERT MUGABE WAY
PSI ZIMBABWE,35 SHEPPERTON ROAD GRANITESIDE
MASQUIP HEALTHCARE,NUMBER 6 DEPTFORD STREET
GESA MEDICAL SUPPLIERS,"NUMBER 1 CHELMSFORD RD, BELGRAVIA"
PLANET PHARMACEUTICALS AND CHEMICALS,"STD 4138, 18 AUCKLAND RD"
ONPOINT WHOLESALERS,8 SHEPPERTON ROAD GRANITESIDE
PENDULUM PHARMACEUTICALS,UNIT 5 KENMARK CRESCENT BLUFFHILL
MSF - BELGIUM,26 WHYTES WAY MSASA PARK
